ID,Method called,Unit Test,Line Number (from stack trace element),Constraint
ZK08,org.apache.zookeeper.server.controller.ZooKeeperServerControllerEndToEndTest.init,,60,[not called the constraint]
ZK02,org.apache.zookeeper.server.controller.ZooKeeperServerControllerEndToEndTest.init,,60,MaxDuration: 100
ZK08,org.apache.zookeeper.server.controller.ZooKeeperServerControllerEndToEndTest.invokeExplosively,,49,[not called the constraint]
ZK02,org.apache.zookeeper.server.controller.ZooKeeperServerControllerEndToEndTest.invokeExplosively,,49,MaxDuration: 100
ZK08,org.apache.zookeeper.server.controller.ZooKeeperServerControllerEndToEndTest.init,,60,[not called the constraint]
ZK02,org.apache.zookeeper.server.controller.ZooKeeperServerControllerEndToEndTest.init,,60,MaxDuration: 100
ZK08,org.apache.zookeeper.server.controller.ZooKeeperServerControllerEndToEndTest.invokeExplosively,,49,[not called the constraint]
ZK02,org.apache.zookeeper.server.controller.ZooKeeperServerControllerEndToEndTest.invokeExplosively,,49,MaxDuration: 100
ZK08,org.apache.zookeeper.server.controller.ZooKeeperServerControllerEndToEndTest.init,,60,[not called the constraint]
ZK02,org.apache.zookeeper.server.controller.ZooKeeperServerControllerEndToEndTest.init,,60,MaxDuration: 100
ZK08,org.apache.zookeeper.server.controller.ZooKeeperServerControllerEndToEndTest.invokeExplosively,,49,[not called the constraint]
ZK02,org.apache.zookeeper.server.controller.ZooKeeperServerControllerEndToEndTest.invokeExplosively,,49,MaxDuration: 100
ZK08,org.apache.zookeeper.server.controller.ZooKeeperServerControllerEndToEndTest.init,,60,[not called the constraint]
ZK02,org.apache.zookeeper.server.controller.ZooKeeperServerControllerEndToEndTest.init,,60,MaxDuration: 100
ZK08,org.apache.zookeeper.server.controller.ZooKeeperServerControllerEndToEndTest.invokeExplosively,,49,[not called the constraint]
ZK02,org.apache.zookeeper.server.controller.ZooKeeperServerControllerEndToEndTest.invokeExplosively,,49,MaxDuration: 100
ZK08,org.apache.zookeeper.server.controller.ZooKeeperServerControllerEndToEndTest.init,,60,[not called the constraint]
ZK02,org.apache.zookeeper.server.controller.ZooKeeperServerControllerEndToEndTest.init,,60,MaxDuration: 100
ZK08,org.apache.zookeeper.server.controller.ZooKeeperServerControllerEndToEndTest.invokeExplosively,,49,[not called the constraint]
ZK02,org.apache.zookeeper.server.controller.ZooKeeperServerControllerEndToEndTest.invokeExplosively,,49,MaxDuration: 100
ZK08,org.apache.zookeeper.server.controller.ZooKeeperServerControllerEndToEndTest.init,,60,[not called the constraint]
ZK02,org.apache.zookeeper.server.controller.ZooKeeperServerControllerEndToEndTest.init,,60,MaxDuration: 100
ZK08,org.apache.zookeeper.server.controller.ZooKeeperServerControllerEndToEndTest.invokeExplosively,,49,[not called the constraint]
ZK02,org.apache.zookeeper.server.controller.ZooKeeperServerControllerEndToEndTest.invokeExplosively,,49,MaxDuration: 100
ZK08,org.apache.zookeeper.server.controller.ZooKeeperServerControllerEndToEndTest.init,,60,[not called the constraint]
ZK02,org.apache.zookeeper.server.controller.ZooKeeperServerControllerEndToEndTest.init,,60,MaxDuration: 100
ZK08,org.apache.zookeeper.server.controller.ZooKeeperServerControllerEndToEndTest.invokeExplosively,,49,[not called the constraint]
ZK02,org.apache.zookeeper.server.controller.ZooKeeperServerControllerEndToEndTest.invokeExplosively,,49,MaxDuration: 100
ZK08,org.apache.zookeeper.server.controller.ZooKeeperServerControllerEndToEndTest.init,,60,[not called the constraint]
ZK02,org.apache.zookeeper.server.controller.ZooKeeperServerControllerEndToEndTest.init,,60,MaxDuration: 100
ZK08,org.apache.zookeeper.server.controller.ZooKeeperServerControllerEndToEndTest.invokeExplosively,,49,[not called the constraint]
ZK02,org.apache.zookeeper.server.controller.ZooKeeperServerControllerEndToEndTest.invokeExplosively,,49,MaxDuration: 100
ZK08,org.apache.zookeeper.server.controller.ControllerClientServerTest.init,,60,[not called the constraint]
ZK02,org.apache.zookeeper.server.controller.ControllerClientServerTest.init,,60,MaxDuration: 100
ZK08,org.apache.zookeeper.server.controller.ControllerClientServerTest.invokeExplosively,,49,[not called the constraint]
ZK02,org.apache.zookeeper.server.controller.ControllerClientServerTest.invokeExplosively,,49,MaxDuration: 100
ZK08,org.apache.zookeeper.server.controller.ControllerClientServerTest.init,,60,[not called the constraint]
ZK02,org.apache.zookeeper.server.controller.ControllerClientServerTest.init,,60,MaxDuration: 100
ZK08,org.apache.zookeeper.server.controller.ControllerClientServerTest.invokeExplosively,,49,[not called the constraint]
ZK02,org.apache.zookeeper.server.controller.ControllerClientServerTest.invokeExplosively,,49,MaxDuration: 100
ZK08,org.apache.zookeeper.server.controller.ControllerClientServerTest.init,,60,[not called the constraint]
ZK02,org.apache.zookeeper.server.controller.ControllerClientServerTest.init,,60,MaxDuration: 100
ZK08,org.apache.zookeeper.server.controller.ControllerClientServerTest.invokeExplosively,,49,[not called the constraint]
ZK02,org.apache.zookeeper.server.controller.ControllerClientServerTest.invokeExplosively,,49,MaxDuration: 100
ZK08,org.apache.zookeeper.server.controller.ControllerClientServerTest.init,,60,[not called the constraint]
ZK02,org.apache.zookeeper.server.controller.ControllerClientServerTest.init,,60,MaxDuration: 100
ZK08,org.apache.zookeeper.server.controller.ControllerClientServerTest.invokeExplosively,,49,[not called the constraint]
ZK02,org.apache.zookeeper.server.controller.ControllerClientServerTest.invokeExplosively,,49,MaxDuration: 100
ZK08,org.apache.zookeeper.server.controller.ControllerClientServerTest.init,,60,[not called the constraint]
ZK02,org.apache.zookeeper.server.controller.ControllerClientServerTest.init,,60,MaxDuration: 100
ZK08,org.apache.zookeeper.server.controller.ControllerClientServerTest.invokeExplosively,,49,[not called the constraint]
ZK02,org.apache.zookeeper.server.controller.ControllerClientServerTest.invokeExplosively,,49,MaxDuration: 100
ZK08,org.apache.zookeeper.server.controller.ControllerClientServerTest.init,,60,[not called the constraint]
ZK02,org.apache.zookeeper.server.controller.ControllerClientServerTest.init,,60,MaxDuration: 100
ZK08,org.apache.zookeeper.server.controller.ControllerClientServerTest.invokeExplosively,,49,[not called the constraint]
ZK02,org.apache.zookeeper.server.controller.ControllerClientServerTest.invokeExplosively,,49,MaxDuration: 100
ZK08,org.apache.zookeeper.server.controller.ControllerClientServerTest.init,,60,[not called the constraint]
ZK02,org.apache.zookeeper.server.controller.ControllerClientServerTest.init,,60,MaxDuration: 100
ZK08,org.apache.zookeeper.server.controller.ControllerClientServerTest.invokeExplosively,,49,[not called the constraint]
ZK02,org.apache.zookeeper.server.controller.ControllerClientServerTest.invokeExplosively,,49,MaxDuration: 100
ZK01,org.apache.zookeeper.recipes.lock.WriteLockTest.runTest,,67,MaxRetry: 10
ZK01,org.apache.zookeeper.recipes.lock.WriteLockTest.testRun,,45,MaxRetry: 10
ZK01,org.apache.zookeeper.recipes.lock.WriteLockTest.lambda$invokeTestMethod$6,,210,MaxRetry: 10
ZK01,org.apache.zookeeper.recipes.lock.WriteLockTest.invokeTestMethod,,206,MaxRetry: 10
ZK01,org.apache.zookeeper.recipes.lock.WriteLockTest.execute,,131,MaxRetry: 10
ZK01,org.apache.zookeeper.recipes.lock.WriteLockTest.execute,,65,MaxRetry: 10
ZK01,org.apache.zookeeper.recipes.lock.WriteLockTest.lambda$executeRecursively$5,,139,MaxRetry: 10
ZK01,org.apache.zookeeper.recipes.lock.WriteLockTest.lambda$executeRecursively$7,,129,MaxRetry: 10
ZK01,org.apache.zookeeper.recipes.lock.WriteLockTest.lambda$executeRecursively$8,,127,MaxRetry: 10
ZK01,org.apache.zookeeper.recipes.lock.WriteLockTest.executeRecursively,,126,MaxRetry: 10
ZK01,org.apache.zookeeper.recipes.lock.WriteLockTest.execute,,84,MaxRetry: 10
ZK01,org.apache.zookeeper.recipes.lock.WriteLockTest.invokeAll,,38,MaxRetry: 10
ZK01,org.apache.zookeeper.recipes.lock.WriteLockTest.lambda$executeRecursively$5,,143,MaxRetry: 10
ZK01,org.apache.zookeeper.recipes.lock.WriteLockTest.lambda$executeRecursively$7,,129,MaxRetry: 10
ZK01,org.apache.zookeeper.recipes.lock.WriteLockTest.lambda$executeRecursively$8,,127,MaxRetry: 10
ZK01,org.apache.zookeeper.recipes.lock.WriteLockTest.executeRecursively,,126,MaxRetry: 10
ZK01,org.apache.zookeeper.recipes.lock.WriteLockTest.execute,,84,MaxRetry: 10
ZK01,org.apache.zookeeper.recipes.lock.WriteLockTest.invokeAll,,38,MaxRetry: 10
ZK01,org.apache.zookeeper.recipes.lock.WriteLockTest.lambda$executeRecursively$5,,143,MaxRetry: 10
ZK01,org.apache.zookeeper.recipes.lock.WriteLockTest.lambda$executeRecursively$7,,129,MaxRetry: 10
ZK01,org.apache.zookeeper.recipes.lock.WriteLockTest.lambda$executeRecursively$8,,127,MaxRetry: 10
ZK01,org.apache.zookeeper.recipes.lock.WriteLockTest.executeRecursively,,126,MaxRetry: 10
ZK01,org.apache.zookeeper.recipes.lock.WriteLockTest.execute,,84,MaxRetry: 10
ZK01,org.apache.zookeeper.recipes.lock.WriteLockTest.submit,,32,MaxRetry: 10
ZK01,org.apache.zookeeper.recipes.lock.WriteLockTest.execute,,57,MaxRetry: 10
ZK01,org.apache.zookeeper.recipes.lock.WriteLockTest.execute,,51,MaxRetry: 10
ZK01,org.apache.zookeeper.recipes.lock.WriteLockTest.runTest,,67,MaxRetry: 10
ZK01,org.apache.zookeeper.recipes.lock.WriteLockTest.testRun,,45,MaxRetry: 10
ZK01,org.apache.zookeeper.recipes.lock.WriteLockTest.lambda$invokeTestMethod$6,,210,MaxRetry: 10
ZK01,org.apache.zookeeper.recipes.lock.WriteLockTest.invokeTestMethod,,206,MaxRetry: 10
ZK01,org.apache.zookeeper.recipes.lock.WriteLockTest.execute,,131,MaxRetry: 10
ZK01,org.apache.zookeeper.recipes.lock.WriteLockTest.execute,,65,MaxRetry: 10
ZK01,org.apache.zookeeper.recipes.lock.WriteLockTest.lambda$executeRecursively$5,,139,MaxRetry: 10
ZK01,org.apache.zookeeper.recipes.lock.WriteLockTest.lambda$executeRecursively$7,,129,MaxRetry: 10
ZK01,org.apache.zookeeper.recipes.lock.WriteLockTest.lambda$executeRecursively$8,,127,MaxRetry: 10
ZK01,org.apache.zookeeper.recipes.lock.WriteLockTest.executeRecursively,,126,MaxRetry: 10
ZK01,org.apache.zookeeper.recipes.lock.WriteLockTest.execute,,84,MaxRetry: 10
ZK01,org.apache.zookeeper.recipes.lock.WriteLockTest.invokeAll,,38,MaxRetry: 10
ZK01,org.apache.zookeeper.recipes.lock.WriteLockTest.lambda$executeRecursively$5,,143,MaxRetry: 10
ZK01,org.apache.zookeeper.recipes.lock.WriteLockTest.lambda$executeRecursively$7,,129,MaxRetry: 10
ZK01,org.apache.zookeeper.recipes.lock.WriteLockTest.lambda$executeRecursively$8,,127,MaxRetry: 10
ZK01,org.apache.zookeeper.recipes.lock.WriteLockTest.executeRecursively,,126,MaxRetry: 10
ZK01,org.apache.zookeeper.recipes.lock.WriteLockTest.execute,,84,MaxRetry: 10
ZK01,org.apache.zookeeper.recipes.lock.WriteLockTest.invokeAll,,38,MaxRetry: 10
ZK01,org.apache.zookeeper.recipes.lock.WriteLockTest.lambda$executeRecursively$5,,143,MaxRetry: 10
ZK01,org.apache.zookeeper.recipes.lock.WriteLockTest.lambda$executeRecursively$7,,129,MaxRetry: 10
ZK01,org.apache.zookeeper.recipes.lock.WriteLockTest.lambda$executeRecursively$8,,127,MaxRetry: 10
ZK01,org.apache.zookeeper.recipes.lock.WriteLockTest.executeRecursively,,126,MaxRetry: 10
ZK01,org.apache.zookeeper.recipes.lock.WriteLockTest.execute,,84,MaxRetry: 10
ZK01,org.apache.zookeeper.recipes.lock.WriteLockTest.submit,,32,MaxRetry: 10
ZK01,org.apache.zookeeper.recipes.lock.WriteLockTest.execute,,57,MaxRetry: 10
ZK01,org.apache.zookeeper.recipes.lock.WriteLockTest.execute,,51,MaxRetry: 10
ZK01,org.apache.zookeeper.recipes.lock.WriteLockTest.runTest,,67,MaxRetry: 10
ZK01,org.apache.zookeeper.recipes.lock.WriteLockTest.testRun,,45,MaxRetry: 10
ZK01,org.apache.zookeeper.recipes.lock.WriteLockTest.lambda$invokeTestMethod$6,,210,MaxRetry: 10
ZK01,org.apache.zookeeper.recipes.lock.WriteLockTest.invokeTestMethod,,206,MaxRetry: 10
ZK01,org.apache.zookeeper.recipes.lock.WriteLockTest.execute,,131,MaxRetry: 10
ZK01,org.apache.zookeeper.recipes.lock.WriteLockTest.execute,,65,MaxRetry: 10
ZK01,org.apache.zookeeper.recipes.lock.WriteLockTest.lambda$executeRecursively$5,,139,MaxRetry: 10
ZK01,org.apache.zookeeper.recipes.lock.WriteLockTest.lambda$executeRecursively$7,,129,MaxRetry: 10
ZK01,org.apache.zookeeper.recipes.lock.WriteLockTest.lambda$executeRecursively$8,,127,MaxRetry: 10
ZK01,org.apache.zookeeper.recipes.lock.WriteLockTest.executeRecursively,,126,MaxRetry: 10
ZK01,org.apache.zookeeper.recipes.lock.WriteLockTest.execute,,84,MaxRetry: 10
ZK01,org.apache.zookeeper.recipes.lock.WriteLockTest.invokeAll,,38,MaxRetry: 10
ZK01,org.apache.zookeeper.recipes.lock.WriteLockTest.lambda$executeRecursively$5,,143,MaxRetry: 10
ZK01,org.apache.zookeeper.recipes.lock.WriteLockTest.lambda$executeRecursively$7,,129,MaxRetry: 10
ZK01,org.apache.zookeeper.recipes.lock.WriteLockTest.lambda$executeRecursively$8,,127,MaxRetry: 10
ZK01,org.apache.zookeeper.recipes.lock.WriteLockTest.executeRecursively,,126,MaxRetry: 10
ZK01,org.apache.zookeeper.recipes.lock.WriteLockTest.execute,,84,MaxRetry: 10
ZK01,org.apache.zookeeper.recipes.lock.WriteLockTest.invokeAll,,38,MaxRetry: 10
ZK01,org.apache.zookeeper.recipes.lock.WriteLockTest.lambda$executeRecursively$5,,143,MaxRetry: 10
ZK01,org.apache.zookeeper.recipes.lock.WriteLockTest.lambda$executeRecursively$7,,129,MaxRetry: 10
ZK01,org.apache.zookeeper.recipes.lock.WriteLockTest.lambda$executeRecursively$8,,127,MaxRetry: 10
ZK01,org.apache.zookeeper.recipes.lock.WriteLockTest.executeRecursively,,126,MaxRetry: 10
ZK01,org.apache.zookeeper.recipes.lock.WriteLockTest.execute,,84,MaxRetry: 10
ZK01,org.apache.zookeeper.recipes.lock.WriteLockTest.submit,,32,MaxRetry: 10
ZK01,org.apache.zookeeper.recipes.lock.WriteLockTest.execute,,57,MaxRetry: 10
ZK01,org.apache.zookeeper.recipes.lock.WriteLockTest.execute,,51,MaxRetry: 10
ZK01,org.apache.zookeeper.recipes.lock.WriteLockTest.runTest,,67,MaxRetry: 10
ZK01,org.apache.zookeeper.recipes.lock.WriteLockTest.testRun,,45,MaxRetry: 10
ZK01,org.apache.zookeeper.recipes.lock.WriteLockTest.lambda$invokeTestMethod$6,,210,MaxRetry: 10
ZK01,org.apache.zookeeper.recipes.lock.WriteLockTest.invokeTestMethod,,206,MaxRetry: 10
ZK01,org.apache.zookeeper.recipes.lock.WriteLockTest.execute,,131,MaxRetry: 10
ZK01,org.apache.zookeeper.recipes.lock.WriteLockTest.execute,,65,MaxRetry: 10
ZK01,org.apache.zookeeper.recipes.lock.WriteLockTest.lambda$executeRecursively$5,,139,MaxRetry: 10
ZK01,org.apache.zookeeper.recipes.lock.WriteLockTest.lambda$executeRecursively$7,,129,MaxRetry: 10
ZK01,org.apache.zookeeper.recipes.lock.WriteLockTest.lambda$executeRecursively$8,,127,MaxRetry: 10
ZK01,org.apache.zookeeper.recipes.lock.WriteLockTest.executeRecursively,,126,MaxRetry: 10
ZK01,org.apache.zookeeper.recipes.lock.WriteLockTest.execute,,84,MaxRetry: 10
ZK01,org.apache.zookeeper.recipes.lock.WriteLockTest.invokeAll,,38,MaxRetry: 10
ZK01,org.apache.zookeeper.recipes.lock.WriteLockTest.lambda$executeRecursively$5,,143,MaxRetry: 10
ZK01,org.apache.zookeeper.recipes.lock.WriteLockTest.lambda$executeRecursively$7,,129,MaxRetry: 10
ZK01,org.apache.zookeeper.recipes.lock.WriteLockTest.lambda$executeRecursively$8,,127,MaxRetry: 10
ZK01,org.apache.zookeeper.recipes.lock.WriteLockTest.executeRecursively,,126,MaxRetry: 10
ZK01,org.apache.zookeeper.recipes.lock.WriteLockTest.execute,,84,MaxRetry: 10
ZK01,org.apache.zookeeper.recipes.lock.WriteLockTest.invokeAll,,38,MaxRetry: 10
ZK01,org.apache.zookeeper.recipes.lock.WriteLockTest.lambda$executeRecursively$5,,143,MaxRetry: 10
ZK01,org.apache.zookeeper.recipes.lock.WriteLockTest.lambda$executeRecursively$7,,129,MaxRetry: 10
ZK01,org.apache.zookeeper.recipes.lock.WriteLockTest.lambda$executeRecursively$8,,127,MaxRetry: 10
ZK01,org.apache.zookeeper.recipes.lock.WriteLockTest.executeRecursively,,126,MaxRetry: 10
ZK01,org.apache.zookeeper.recipes.lock.WriteLockTest.execute,,84,MaxRetry: 10
ZK01,org.apache.zookeeper.recipes.lock.WriteLockTest.submit,,32,MaxRetry: 10
ZK01,org.apache.zookeeper.recipes.lock.WriteLockTest.execute,,57,MaxRetry: 10
ZK01,org.apache.zookeeper.recipes.lock.WriteLockTest.execute,,51,MaxRetry: 10
ZK01,org.apache.zookeeper.recipes.lock.WriteLockTest.runTest,,67,MaxRetry: 10
ZK01,org.apache.zookeeper.recipes.lock.WriteLockTest.testRun,,45,MaxRetry: 10
ZK01,org.apache.zookeeper.recipes.lock.WriteLockTest.lambda$invokeTestMethod$6,,210,MaxRetry: 10
ZK01,org.apache.zookeeper.recipes.lock.WriteLockTest.invokeTestMethod,,206,MaxRetry: 10
ZK01,org.apache.zookeeper.recipes.lock.WriteLockTest.execute,,131,MaxRetry: 10
ZK01,org.apache.zookeeper.recipes.lock.WriteLockTest.execute,,65,MaxRetry: 10
ZK01,org.apache.zookeeper.recipes.lock.WriteLockTest.lambda$executeRecursively$5,,139,MaxRetry: 10
ZK01,org.apache.zookeeper.recipes.lock.WriteLockTest.lambda$executeRecursively$7,,129,MaxRetry: 10
ZK01,org.apache.zookeeper.recipes.lock.WriteLockTest.lambda$executeRecursively$8,,127,MaxRetry: 10
ZK01,org.apache.zookeeper.recipes.lock.WriteLockTest.executeRecursively,,126,MaxRetry: 10
ZK01,org.apache.zookeeper.recipes.lock.WriteLockTest.execute,,84,MaxRetry: 10
ZK01,org.apache.zookeeper.recipes.lock.WriteLockTest.invokeAll,,38,MaxRetry: 10
ZK01,org.apache.zookeeper.recipes.lock.WriteLockTest.lambda$executeRecursively$5,,143,MaxRetry: 10
ZK01,org.apache.zookeeper.recipes.lock.WriteLockTest.lambda$executeRecursively$7,,129,MaxRetry: 10
ZK01,org.apache.zookeeper.recipes.lock.WriteLockTest.lambda$executeRecursively$8,,127,MaxRetry: 10
ZK01,org.apache.zookeeper.recipes.lock.WriteLockTest.executeRecursively,,126,MaxRetry: 10
ZK01,org.apache.zookeeper.recipes.lock.WriteLockTest.execute,,84,MaxRetry: 10
ZK01,org.apache.zookeeper.recipes.lock.WriteLockTest.invokeAll,,38,MaxRetry: 10
ZK01,org.apache.zookeeper.recipes.lock.WriteLockTest.lambda$executeRecursively$5,,143,MaxRetry: 10
ZK01,org.apache.zookeeper.recipes.lock.WriteLockTest.lambda$executeRecursively$7,,129,MaxRetry: 10
ZK01,org.apache.zookeeper.recipes.lock.WriteLockTest.lambda$executeRecursively$8,,127,MaxRetry: 10
ZK01,org.apache.zookeeper.recipes.lock.WriteLockTest.executeRecursively,,126,MaxRetry: 10
ZK01,org.apache.zookeeper.recipes.lock.WriteLockTest.execute,,84,MaxRetry: 10
ZK01,org.apache.zookeeper.recipes.lock.WriteLockTest.submit,,32,MaxRetry: 10
ZK01,org.apache.zookeeper.recipes.lock.WriteLockTest.execute,,57,MaxRetry: 10
ZK01,org.apache.zookeeper.recipes.lock.WriteLockTest.execute,,51,MaxRetry: 10
ZK01,org.apache.zookeeper.recipes.lock.WriteLockTest.runTest,,67,MaxRetry: 10
ZK01,org.apache.zookeeper.recipes.lock.WriteLockTest.testRun,,45,MaxRetry: 10
ZK01,org.apache.zookeeper.recipes.lock.WriteLockTest.lambda$invokeTestMethod$6,,210,MaxRetry: 10
ZK01,org.apache.zookeeper.recipes.lock.WriteLockTest.invokeTestMethod,,206,MaxRetry: 10
ZK01,org.apache.zookeeper.recipes.lock.WriteLockTest.execute,,131,MaxRetry: 10
ZK01,org.apache.zookeeper.recipes.lock.WriteLockTest.execute,,65,MaxRetry: 10
ZK01,org.apache.zookeeper.recipes.lock.WriteLockTest.lambda$executeRecursively$5,,139,MaxRetry: 10
ZK01,org.apache.zookeeper.recipes.lock.WriteLockTest.lambda$executeRecursively$7,,129,MaxRetry: 10
ZK01,org.apache.zookeeper.recipes.lock.WriteLockTest.lambda$executeRecursively$8,,127,MaxRetry: 10
ZK01,org.apache.zookeeper.recipes.lock.WriteLockTest.executeRecursively,,126,MaxRetry: 10
ZK01,org.apache.zookeeper.recipes.lock.WriteLockTest.execute,,84,MaxRetry: 10
ZK01,org.apache.zookeeper.recipes.lock.WriteLockTest.invokeAll,,38,MaxRetry: 10
ZK01,org.apache.zookeeper.recipes.lock.WriteLockTest.lambda$executeRecursively$5,,143,MaxRetry: 10
ZK01,org.apache.zookeeper.recipes.lock.WriteLockTest.lambda$executeRecursively$7,,129,MaxRetry: 10
ZK01,org.apache.zookeeper.recipes.lock.WriteLockTest.lambda$executeRecursively$8,,127,MaxRetry: 10
ZK01,org.apache.zookeeper.recipes.lock.WriteLockTest.executeRecursively,,126,MaxRetry: 10
ZK01,org.apache.zookeeper.recipes.lock.WriteLockTest.execute,,84,MaxRetry: 10
ZK01,org.apache.zookeeper.recipes.lock.WriteLockTest.invokeAll,,38,MaxRetry: 10
ZK01,org.apache.zookeeper.recipes.lock.WriteLockTest.lambda$executeRecursively$5,,143,MaxRetry: 10
ZK01,org.apache.zookeeper.recipes.lock.WriteLockTest.lambda$executeRecursively$7,,129,MaxRetry: 10
ZK01,org.apache.zookeeper.recipes.lock.WriteLockTest.lambda$executeRecursively$8,,127,MaxRetry: 10
ZK01,org.apache.zookeeper.recipes.lock.WriteLockTest.executeRecursively,,126,MaxRetry: 10
ZK01,org.apache.zookeeper.recipes.lock.WriteLockTest.execute,,84,MaxRetry: 10
ZK01,org.apache.zookeeper.recipes.lock.WriteLockTest.submit,,32,MaxRetry: 10
ZK01,org.apache.zookeeper.recipes.lock.WriteLockTest.execute,,57,MaxRetry: 10
ZK01,org.apache.zookeeper.recipes.lock.WriteLockTest.execute,,51,MaxRetry: 10
ZK01,org.apache.zookeeper.recipes.lock.WriteLockTest.runTest,,119,MaxRetry: 10
ZK01,org.apache.zookeeper.recipes.lock.WriteLockTest.testRun,,45,MaxRetry: 10
ZK01,org.apache.zookeeper.recipes.lock.WriteLockTest.lambda$invokeTestMethod$6,,210,MaxRetry: 10
ZK01,org.apache.zookeeper.recipes.lock.WriteLockTest.invokeTestMethod,,206,MaxRetry: 10
ZK01,org.apache.zookeeper.recipes.lock.WriteLockTest.execute,,131,MaxRetry: 10
ZK01,org.apache.zookeeper.recipes.lock.WriteLockTest.execute,,65,MaxRetry: 10
ZK01,org.apache.zookeeper.recipes.lock.WriteLockTest.lambda$executeRecursively$5,,139,MaxRetry: 10
ZK01,org.apache.zookeeper.recipes.lock.WriteLockTest.lambda$executeRecursively$7,,129,MaxRetry: 10
ZK01,org.apache.zookeeper.recipes.lock.WriteLockTest.lambda$executeRecursively$8,,127,MaxRetry: 10
ZK01,org.apache.zookeeper.recipes.lock.WriteLockTest.executeRecursively,,126,MaxRetry: 10
ZK01,org.apache.zookeeper.recipes.lock.WriteLockTest.execute,,84,MaxRetry: 10
ZK01,org.apache.zookeeper.recipes.lock.WriteLockTest.invokeAll,,38,MaxRetry: 10
ZK01,org.apache.zookeeper.recipes.lock.WriteLockTest.lambda$executeRecursively$5,,143,MaxRetry: 10
ZK01,org.apache.zookeeper.recipes.lock.WriteLockTest.lambda$executeRecursively$7,,129,MaxRetry: 10
ZK01,org.apache.zookeeper.recipes.lock.WriteLockTest.lambda$executeRecursively$8,,127,MaxRetry: 10
ZK01,org.apache.zookeeper.recipes.lock.WriteLockTest.executeRecursively,,126,MaxRetry: 10
ZK01,org.apache.zookeeper.recipes.lock.WriteLockTest.execute,,84,MaxRetry: 10
ZK01,org.apache.zookeeper.recipes.lock.WriteLockTest.invokeAll,,38,MaxRetry: 10
ZK01,org.apache.zookeeper.recipes.lock.WriteLockTest.lambda$executeRecursively$5,,143,MaxRetry: 10
ZK01,org.apache.zookeeper.recipes.lock.WriteLockTest.lambda$executeRecursively$7,,129,MaxRetry: 10
ZK01,org.apache.zookeeper.recipes.lock.WriteLockTest.lambda$executeRecursively$8,,127,MaxRetry: 10
ZK01,org.apache.zookeeper.recipes.lock.WriteLockTest.executeRecursively,,126,MaxRetry: 10
ZK01,org.apache.zookeeper.recipes.lock.WriteLockTest.execute,,84,MaxRetry: 10
ZK01,org.apache.zookeeper.recipes.lock.WriteLockTest.submit,,32,MaxRetry: 10
ZK01,org.apache.zookeeper.recipes.lock.WriteLockTest.execute,,57,MaxRetry: 10
ZK01,org.apache.zookeeper.recipes.lock.WriteLockTest.execute,,51,MaxRetry: 10
ZK01,org.apache.zookeeper.recipes.lock.WriteLockTest.runTest,,119,MaxRetry: 10
ZK01,org.apache.zookeeper.recipes.lock.WriteLockTest.testRun,,45,MaxRetry: 10
ZK01,org.apache.zookeeper.recipes.lock.WriteLockTest.lambda$invokeTestMethod$6,,210,MaxRetry: 10
ZK01,org.apache.zookeeper.recipes.lock.WriteLockTest.invokeTestMethod,,206,MaxRetry: 10
ZK01,org.apache.zookeeper.recipes.lock.WriteLockTest.execute,,131,MaxRetry: 10
ZK01,org.apache.zookeeper.recipes.lock.WriteLockTest.execute,,65,MaxRetry: 10
ZK01,org.apache.zookeeper.recipes.lock.WriteLockTest.lambda$executeRecursively$5,,139,MaxRetry: 10
ZK01,org.apache.zookeeper.recipes.lock.WriteLockTest.lambda$executeRecursively$7,,129,MaxRetry: 10
ZK01,org.apache.zookeeper.recipes.lock.WriteLockTest.lambda$executeRecursively$8,,127,MaxRetry: 10
ZK01,org.apache.zookeeper.recipes.lock.WriteLockTest.executeRecursively,,126,MaxRetry: 10
ZK01,org.apache.zookeeper.recipes.lock.WriteLockTest.execute,,84,MaxRetry: 10
ZK01,org.apache.zookeeper.recipes.lock.WriteLockTest.invokeAll,,38,MaxRetry: 10
ZK01,org.apache.zookeeper.recipes.lock.WriteLockTest.lambda$executeRecursively$5,,143,MaxRetry: 10
ZK01,org.apache.zookeeper.recipes.lock.WriteLockTest.lambda$executeRecursively$7,,129,MaxRetry: 10
ZK01,org.apache.zookeeper.recipes.lock.WriteLockTest.lambda$executeRecursively$8,,127,MaxRetry: 10
ZK01,org.apache.zookeeper.recipes.lock.WriteLockTest.executeRecursively,,126,MaxRetry: 10
ZK01,org.apache.zookeeper.recipes.lock.WriteLockTest.execute,,84,MaxRetry: 10
ZK01,org.apache.zookeeper.recipes.lock.WriteLockTest.invokeAll,,38,MaxRetry: 10
ZK01,org.apache.zookeeper.recipes.lock.WriteLockTest.lambda$executeRecursively$5,,143,MaxRetry: 10
ZK01,org.apache.zookeeper.recipes.lock.WriteLockTest.lambda$executeRecursively$7,,129,MaxRetry: 10
ZK01,org.apache.zookeeper.recipes.lock.WriteLockTest.lambda$executeRecursively$8,,127,MaxRetry: 10
ZK01,org.apache.zookeeper.recipes.lock.WriteLockTest.executeRecursively,,126,MaxRetry: 10
ZK01,org.apache.zookeeper.recipes.lock.WriteLockTest.execute,,84,MaxRetry: 10
ZK01,org.apache.zookeeper.recipes.lock.WriteLockTest.submit,,32,MaxRetry: 10
ZK01,org.apache.zookeeper.recipes.lock.WriteLockTest.execute,,57,MaxRetry: 10
ZK01,org.apache.zookeeper.recipes.lock.WriteLockTest.execute,,51,MaxRetry: 10
ZK01,org.apache.zookeeper.recipes.lock.WriteLockTest.runTest,,119,MaxRetry: 10
ZK01,org.apache.zookeeper.recipes.lock.WriteLockTest.testRun,,45,MaxRetry: 10
ZK01,org.apache.zookeeper.recipes.lock.WriteLockTest.lambda$invokeTestMethod$6,,210,MaxRetry: 10
ZK01,org.apache.zookeeper.recipes.lock.WriteLockTest.invokeTestMethod,,206,MaxRetry: 10
ZK01,org.apache.zookeeper.recipes.lock.WriteLockTest.execute,,131,MaxRetry: 10
ZK01,org.apache.zookeeper.recipes.lock.WriteLockTest.execute,,65,MaxRetry: 10
ZK01,org.apache.zookeeper.recipes.lock.WriteLockTest.lambda$executeRecursively$5,,139,MaxRetry: 10
ZK01,org.apache.zookeeper.recipes.lock.WriteLockTest.lambda$executeRecursively$7,,129,MaxRetry: 10
ZK01,org.apache.zookeeper.recipes.lock.WriteLockTest.lambda$executeRecursively$8,,127,MaxRetry: 10
ZK01,org.apache.zookeeper.recipes.lock.WriteLockTest.executeRecursively,,126,MaxRetry: 10
ZK01,org.apache.zookeeper.recipes.lock.WriteLockTest.execute,,84,MaxRetry: 10
ZK01,org.apache.zookeeper.recipes.lock.WriteLockTest.invokeAll,,38,MaxRetry: 10
ZK01,org.apache.zookeeper.recipes.lock.WriteLockTest.lambda$executeRecursively$5,,143,MaxRetry: 10
ZK01,org.apache.zookeeper.recipes.lock.WriteLockTest.lambda$executeRecursively$7,,129,MaxRetry: 10
ZK01,org.apache.zookeeper.recipes.lock.WriteLockTest.lambda$executeRecursively$8,,127,MaxRetry: 10
ZK01,org.apache.zookeeper.recipes.lock.WriteLockTest.executeRecursively,,126,MaxRetry: 10
ZK01,org.apache.zookeeper.recipes.lock.WriteLockTest.execute,,84,MaxRetry: 10
ZK01,org.apache.zookeeper.recipes.lock.WriteLockTest.invokeAll,,38,MaxRetry: 10
ZK01,org.apache.zookeeper.recipes.lock.WriteLockTest.lambda$executeRecursively$5,,143,MaxRetry: 10
ZK01,org.apache.zookeeper.recipes.lock.WriteLockTest.lambda$executeRecursively$7,,129,MaxRetry: 10
ZK01,org.apache.zookeeper.recipes.lock.WriteLockTest.lambda$executeRecursively$8,,127,MaxRetry: 10
ZK01,org.apache.zookeeper.recipes.lock.WriteLockTest.executeRecursively,,126,MaxRetry: 10
ZK01,org.apache.zookeeper.recipes.lock.WriteLockTest.execute,,84,MaxRetry: 10
ZK01,org.apache.zookeeper.recipes.lock.WriteLockTest.submit,,32,MaxRetry: 10
ZK01,org.apache.zookeeper.recipes.lock.WriteLockTest.execute,,57,MaxRetry: 10
ZK01,org.apache.zookeeper.recipes.lock.WriteLockTest.execute,,51,MaxRetry: 10
ZK01,org.apache.zookeeper.recipes.lock.WriteLockTest.runTest,,119,MaxRetry: 10
ZK01,org.apache.zookeeper.recipes.lock.WriteLockTest.testRun,,45,MaxRetry: 10
ZK01,org.apache.zookeeper.recipes.lock.WriteLockTest.lambda$invokeTestMethod$6,,210,MaxRetry: 10
ZK01,org.apache.zookeeper.recipes.lock.WriteLockTest.invokeTestMethod,,206,MaxRetry: 10
ZK01,org.apache.zookeeper.recipes.lock.WriteLockTest.execute,,131,MaxRetry: 10
ZK01,org.apache.zookeeper.recipes.lock.WriteLockTest.execute,,65,MaxRetry: 10
ZK01,org.apache.zookeeper.recipes.lock.WriteLockTest.lambda$executeRecursively$5,,139,MaxRetry: 10
ZK01,org.apache.zookeeper.recipes.lock.WriteLockTest.lambda$executeRecursively$7,,129,MaxRetry: 10
ZK01,org.apache.zookeeper.recipes.lock.WriteLockTest.lambda$executeRecursively$8,,127,MaxRetry: 10
ZK01,org.apache.zookeeper.recipes.lock.WriteLockTest.executeRecursively,,126,MaxRetry: 10
ZK01,org.apache.zookeeper.recipes.lock.WriteLockTest.execute,,84,MaxRetry: 10
ZK01,org.apache.zookeeper.recipes.lock.WriteLockTest.invokeAll,,38,MaxRetry: 10
ZK01,org.apache.zookeeper.recipes.lock.WriteLockTest.lambda$executeRecursively$5,,143,MaxRetry: 10
ZK01,org.apache.zookeeper.recipes.lock.WriteLockTest.lambda$executeRecursively$7,,129,MaxRetry: 10
ZK01,org.apache.zookeeper.recipes.lock.WriteLockTest.lambda$executeRecursively$8,,127,MaxRetry: 10
ZK01,org.apache.zookeeper.recipes.lock.WriteLockTest.executeRecursively,,126,MaxRetry: 10
ZK01,org.apache.zookeeper.recipes.lock.WriteLockTest.execute,,84,MaxRetry: 10
ZK01,org.apache.zookeeper.recipes.lock.WriteLockTest.invokeAll,,38,MaxRetry: 10
ZK01,org.apache.zookeeper.recipes.lock.WriteLockTest.lambda$executeRecursively$5,,143,MaxRetry: 10
ZK01,org.apache.zookeeper.recipes.lock.WriteLockTest.lambda$executeRecursively$7,,129,MaxRetry: 10
ZK01,org.apache.zookeeper.recipes.lock.WriteLockTest.lambda$executeRecursively$8,,127,MaxRetry: 10
ZK01,org.apache.zookeeper.recipes.lock.WriteLockTest.executeRecursively,,126,MaxRetry: 10
ZK01,org.apache.zookeeper.recipes.lock.WriteLockTest.execute,,84,MaxRetry: 10
ZK01,org.apache.zookeeper.recipes.lock.WriteLockTest.submit,,32,MaxRetry: 10
ZK01,org.apache.zookeeper.recipes.lock.WriteLockTest.execute,,57,MaxRetry: 10
ZK01,org.apache.zookeeper.recipes.lock.WriteLockTest.execute,,51,MaxRetry: 10
