Method,Line Number,Constraint
org.apache.zookeeper.server.controller.ZooKeeperServerControllerEndToEndTest.beforeAll,6,[not called the constraint]
org.apache.zookeeper.server.controller.ZooKeeperServerControllerEndToEndTest.beforeAll,7,MaxDuration: 100
org.apache.zookeeper.server.controller.ZooKeeperServerControllerEndToEndTest.beforeAll,8,[not called the constraint]
org.apache.zookeeper.server.controller.ZooKeeperServerControllerEndToEndTest.beforeAll,9,[not called the constraint]
org.apache.zookeeper.server.controller.ZooKeeperServerControllerEndToEndTest.beforeAll,12,MaxDuration: 10000
org.apache.zookeeper.server.controller.ZooKeeperServerControllerEndToEndTest.beforeAll,13,[not called the constraint]
org.apache.zookeeper.server.controller.ZooKeeperServerControllerEndToEndTest.beforeAll,14,MaxDuration: 100
org.apache.zookeeper.server.controller.ZooKeeperServerControllerEndToEndTest.beforeAll,16,[not called the constraint]
org.apache.zookeeper.server.controller.ZooKeeperServerControllerEndToEndTest.beforeAll,17,[not called the constraint]
org.apache.zookeeper.server.controller.ZooKeeperServerControllerEndToEndTest.beforeAll,19,MaxDuration: 10000
org.apache.zookeeper.server.controller.ZooKeeperServerControllerEndToEndTest.beforeAll,20,[not called the constraint]
org.apache.zookeeper.server.controller.ZooKeeperServerControllerEndToEndTest.beforeAll,21,MaxDuration: 100
org.apache.zookeeper.server.controller.ZooKeeperServerControllerEndToEndTest.beforeAll,22,[not called the constraint]
org.apache.zookeeper.server.controller.ZooKeeperServerControllerEndToEndTest.beforeAll,23,[not called the constraint]
org.apache.zookeeper.server.controller.ZooKeeperServerControllerEndToEndTest.beforeAll,26,MaxDuration: 10000
org.apache.zookeeper.server.controller.ZooKeeperServerControllerEndToEndTest.beforeAll,27,[not called the constraint]
org.apache.zookeeper.server.controller.ZooKeeperServerControllerEndToEndTest.beforeAll,28,MaxDuration: 100
org.apache.zookeeper.server.controller.ZooKeeperServerControllerEndToEndTest.beforeAll,29,[not called the constraint]
org.apache.zookeeper.server.controller.ZooKeeperServerControllerEndToEndTest.beforeAll,30,[not called the constraint]
org.apache.zookeeper.server.controller.ZooKeeperServerControllerEndToEndTest.beforeAll,33,MaxDuration: 10000
org.apache.zookeeper.server.controller.ZooKeeperServerControllerEndToEndTest.beforeAll,34,[not called the constraint]
org.apache.zookeeper.server.controller.ZooKeeperServerControllerEndToEndTest.beforeAll,35,MaxDuration: 100
org.apache.zookeeper.server.controller.ZooKeeperServerControllerEndToEndTest.beforeAll,36,[not called the constraint]
org.apache.zookeeper.server.controller.ZooKeeperServerControllerEndToEndTest.beforeAll,37,[not called the constraint]
org.apache.zookeeper.server.controller.ZooKeeperServerControllerEndToEndTest.beforeAll,40,MaxDuration: 10000
org.apache.zookeeper.server.controller.ZooKeeperServerControllerEndToEndTest.beforeAll,41,[not called the constraint]
org.apache.zookeeper.server.controller.ZooKeeperServerControllerEndToEndTest.beforeAll,42,MaxDuration: 100
org.apache.zookeeper.server.controller.ZooKeeperServerControllerEndToEndTest.beforeAll,43,[not called the constraint]
org.apache.zookeeper.server.controller.ZooKeeperServerControllerEndToEndTest.beforeAll,45,[not called the constraint]
org.apache.zookeeper.server.controller.ZooKeeperServerControllerEndToEndTest.beforeAll,47,MaxDuration: 10000
org.apache.zookeeper.server.controller.ZooKeeperServerControllerEndToEndTest.beforeAll,48,[not called the constraint]
org.apache.zookeeper.server.controller.ZooKeeperServerControllerEndToEndTest.beforeAll,49,MaxDuration: 100
org.apache.zookeeper.server.controller.ZooKeeperServerControllerEndToEndTest.beforeAll,50,[not called the constraint]
org.apache.zookeeper.server.controller.ZooKeeperServerControllerEndToEndTest.beforeAll,51,[not called the constraint]
org.apache.zookeeper.server.controller.ZooKeeperServerControllerEndToEndTest.beforeAll,54,MaxDuration: 10000
org.apache.zookeeper.server.controller.ZooKeeperServerControllerEndToEndTest.beforeAll,55,[not called the constraint]
org.apache.zookeeper.server.controller.ZooKeeperServerControllerEndToEndTest.beforeAll,56,MaxDuration: 100
org.apache.zookeeper.server.controller.ZooKeeperServerControllerEndToEndTest.beforeAll,57,[not called the constraint]
org.apache.zookeeper.server.controller.ZooKeeperServerControllerEndToEndTest.beforeAll,58,[not called the constraint]
org.apache.zookeeper.server.controller.ZooKeeperServerControllerEndToEndTest.beforeAll,61,MaxDuration: 10000
org.apache.zookeeper.server.controller.ControllerClientServerTest.beforeAll,6,[not called the constraint]
org.apache.zookeeper.server.controller.ControllerClientServerTest.beforeAll,7,MaxDuration: 100
org.apache.zookeeper.server.controller.ControllerClientServerTest.beforeAll,8,[not called the constraint]
org.apache.zookeeper.server.controller.ControllerClientServerTest.beforeAll,9,[not called the constraint]
org.apache.zookeeper.server.controller.ControllerClientServerTest.beforeAll,36,[not called the constraint]
org.apache.zookeeper.server.controller.ControllerClientServerTest.beforeAll,37,MaxDuration: 100
org.apache.zookeeper.server.controller.ControllerClientServerTest.beforeAll,38,[not called the constraint]
org.apache.zookeeper.server.controller.ControllerClientServerTest.beforeAll,39,[not called the constraint]
org.apache.zookeeper.server.controller.ControllerClientServerTest.beforeAll,66,[not called the constraint]
org.apache.zookeeper.server.controller.ControllerClientServerTest.beforeAll,67,MaxDuration: 100
org.apache.zookeeper.server.controller.ControllerClientServerTest.beforeAll,69,[not called the constraint]
org.apache.zookeeper.server.controller.ControllerClientServerTest.beforeAll,70,[not called the constraint]
org.apache.zookeeper.server.controller.ControllerClientServerTest.beforeAll,96,[not called the constraint]
org.apache.zookeeper.server.controller.ControllerClientServerTest.beforeAll,97,MaxDuration: 100
org.apache.zookeeper.server.controller.ControllerClientServerTest.beforeAll,98,[not called the constraint]
org.apache.zookeeper.server.controller.ControllerClientServerTest.beforeAll,100,[not called the constraint]
org.apache.zookeeper.server.controller.ControllerClientServerTest.beforeAll,102,[not called the constraint]
org.apache.zookeeper.server.controller.ControllerClientServerTest.beforeAll,103,MaxDuration: 100
org.apache.zookeeper.server.controller.ControllerClientServerTest.beforeAll,104,[not called the constraint]
org.apache.zookeeper.server.controller.ControllerClientServerTest.beforeAll,106,[not called the constraint]
org.apache.zookeeper.server.controller.ControllerClientServerTest.beforeAll,108,[not called the constraint]
org.apache.zookeeper.server.controller.ControllerClientServerTest.beforeAll,109,[not called the constraint]
org.apache.zookeeper.server.controller.ControllerClientServerTest.beforeAll,110,[not called the constraint]
org.apache.zookeeper.server.controller.ControllerClientServerTest.beforeAll,111,MaxDuration: 100
org.apache.zookeeper.server.controller.ControllerClientServerTest.beforeAll,112,[not called the constraint]
org.apache.zookeeper.server.controller.ControllerClientServerTest.beforeAll,114,[not called the constraint]
org.apache.zookeeper.server.controller.ControllerClientServerTest.beforeAll,140,[not called the constraint]
org.apache.zookeeper.server.controller.ControllerClientServerTest.beforeAll,141,MaxDuration: 100
org.apache.zookeeper.server.controller.ControllerClientServerTest.beforeAll,142,[not called the constraint]
org.apache.zookeeper.server.controller.ControllerClientServerTest.beforeAll,144,[not called the constraint]
org.apache.zookeeper.EnforceAuthenticationTest.beforeAll,9,MaxDuration: 10000
org.apache.zookeeper.EnforceAuthenticationTest.beforeAll,10,MaxDuration: 10000
org.apache.zookeeper.EnforceAuthenticationTest.beforeAll,12,MaxDuration: 10000
org.apache.zookeeper.EnforceAuthenticationTest.beforeAll,13,MaxDuration: 10000
org.apache.zookeeper.EnforceAuthenticationTest.beforeAll,16,MaxDuration: 10000
org.apache.zookeeper.EnforceAuthenticationTest.beforeAll,19,MaxDuration: 10000
org.apache.zookeeper.EnforceAuthenticationTest.beforeAll,21,MaxDuration: 10000
org.apache.zookeeper.EnforceAuthenticationTest.beforeAll,23,MaxDuration: 10000
org.apache.zookeeper.EnforceAuthenticationTest.beforeAll,25,MaxDuration: 10000
org.apache.zookeeper.EnforceAuthenticationTest.beforeAll,28,MaxDuration: 10000
org.apache.zookeeper.EnforceAuthenticationTest.beforeAll,30,MaxDuration: 10000
org.apache.zookeeper.EnforceAuthenticationTest.beforeAll,32,MaxDuration: 10000
org.apache.zookeeper.test.NettyNettySuiteTest.testNettyIpAuthDefault(),9,MaxDuration: 10000
org.apache.zookeeper.test.NettyNettySuiteTest.testAcls(),14,MaxDuration: 10000
org.apache.zookeeper.test.NettyNettySuiteTest.testAcls(),15,MaxDuration: 10000
org.apache.zookeeper.test.NettyNettySuiteTest.testNullValueACL(),24,MaxDuration: 10000
org.apache.zookeeper.test.NettyNettySuiteTest.testDisconnectedAddAuth(),29,MaxDuration: 10000
org.apache.zookeeper.test.NettyNettySuiteTest.testNullACL(),34,MaxDuration: 10000
org.apache.zookeeper.test.NettyNettySuiteTest.testAsyncMulti(),39,MaxDuration: 10000
org.apache.zookeeper.test.NettyNettySuiteTest.testAsyncMultiSequential_NoSideEffect(),44,MaxDuration: 10000
org.apache.zookeeper.test.NettyNettySuiteTest.testAsyncGetChildrenEmpty(),49,MaxDuration: 10000
org.apache.zookeeper.test.NettyNettySuiteTest.testAsyncSetACLFailure_BadVersion(),54,MaxDuration: 10000
org.apache.zookeeper.test.NettyNettySuiteTest.testAsyncCreate(),59,MaxDuration: 10000
org.apache.zookeeper.test.NettyNettySuiteTest.testAsyncDelete(),64,MaxDuration: 10000
org.apache.zookeeper.test.NettyNettySuiteTest.testAsyncGetChildren2Failure_NoNode(),69,MaxDuration: 10000
org.apache.zookeeper.test.NettyNettySuiteTest.testAsyncExists(),74,MaxDuration: 10000
org.apache.zookeeper.test.NettyNettySuiteTest.testAsyncGetDataFailure_NoNode(),79,MaxDuration: 10000
org.apache.zookeeper.test.NettyNettySuiteTest.testAsyncGetACL(),84,MaxDuration: 10000
org.apache.zookeeper.test.NettyNettySuiteTest.testAsyncCreate2Failure_NoNode(),89,MaxDuration: 10000
org.apache.zookeeper.test.NettyNettySuiteTest.testAsyncCreateFailure_NoNode(),94,MaxDuration: 10000
org.apache.zookeeper.test.NettyNettySuiteTest.testAsyncSetACL(),99,MaxDuration: 10000
org.apache.zookeeper.test.NettyNettySuiteTest.testAsyncMultiFailure_NoSideEffect(),104,MaxDuration: 10000
org.apache.zookeeper.test.NettyNettySuiteTest.testAsyncGetData(),109,MaxDuration: 10000
org.apache.zookeeper.test.NettyNettySuiteTest.testAsyncSync(),114,MaxDuration: 10000
org.apache.zookeeper.test.NettyNettySuiteTest.testAsyncGetChildren2Two(),119,MaxDuration: 10000
org.apache.zookeeper.test.NettyNettySuiteTest.testAsyncCreateFailure_NoChildForEphemeral(),124,MaxDuration: 10000
org.apache.zookeeper.test.NettyNettySuiteTest.testAsyncDeleteFailure_BadVersion(),129,MaxDuration: 10000
org.apache.zookeeper.test.NettyNettySuiteTest.testAsyncDeleteFailure_NoNode(),134,MaxDuration: 10000
org.apache.zookeeper.test.NettyNettySuiteTest.testAsyncSetDataFailure_BadVersion(),139,MaxDuration: 10000
org.apache.zookeeper.test.NettyNettySuiteTest.testAsyncGetChildrenFailure_NoNode(),144,MaxDuration: 10000
org.apache.zookeeper.test.NettyNettySuiteTest.testAsyncCreate2(),149,MaxDuration: 10000
org.apache.zookeeper.test.NettyNettySuiteTest.testAsyncExistsFailure_NoNode(),154,MaxDuration: 10000
org.apache.zookeeper.test.NettyNettySuiteTest.testAsyncGetChildren2Empty(),159,MaxDuration: 10000
org.apache.zookeeper.test.NettyNettySuiteTest.testAsyncCreateThree(),164,MaxDuration: 10000
org.apache.zookeeper.test.NettyNettySuiteTest.testAsyncMultiFailure_AllErrorResult(),169,MaxDuration: 10000
org.apache.zookeeper.test.NettyNettySuiteTest.testAsyncGetChildrenTwo(),174,MaxDuration: 10000
org.apache.zookeeper.test.NettyNettySuiteTest.testAsyncCreateFailure_NodeExists(),179,MaxDuration: 10000
org.apache.zookeeper.test.NettyNettySuiteTest.testAsyncCreate2Failure_NoChildForEphemeral(),184,MaxDuration: 10000
org.apache.zookeeper.test.NettyNettySuiteTest.testAsyncSetData(),189,MaxDuration: 10000
org.apache.zookeeper.test.NettyNettySuiteTest.testAsyncSetDataFailure_NoNode(),194,MaxDuration: 10000
org.apache.zookeeper.test.NettyNettySuiteTest.testAsyncSetACLFailure_NoNode(),199,MaxDuration: 10000
org.apache.zookeeper.test.NettyNettySuiteTest.testAsyncDeleteFailure_NotEmpty(),204,MaxDuration: 10000
org.apache.zookeeper.test.NettyNettySuiteTest.testAsyncGetChildrenSingle(),209,MaxDuration: 10000
org.apache.zookeeper.test.NettyNettySuiteTest.testAsyncCreate2Failure_NodeExists(),214,MaxDuration: 10000
org.apache.zookeeper.test.NettyNettySuiteTest.testAsyncGetACLFailure_NoNode(),219,MaxDuration: 10000
org.apache.zookeeper.test.NettyNettySuiteTest.testAsyncGetChildren2Single(),224,MaxDuration: 10000
org.apache.zookeeper.test.NettyNettySuiteTest.testTryWithResources(),230,MaxDuration: 10000
org.apache.zookeeper.test.NettyNettySuiteTest.testTryWithResources(),231,MaxDuration: 10000
org.apache.zookeeper.test.NettyNettySuiteTest.testACLs(),237,MaxDuration: 10000
org.apache.zookeeper.test.NettyNettySuiteTest.testACLs(),238,MaxDuration: 10000
org.apache.zookeeper.test.NettyNettySuiteTest.testACLs(),239,MaxDuration: 10000
org.apache.zookeeper.test.NettyNettySuiteTest.testACLs(),240,MaxDuration: 10000
org.apache.zookeeper.test.NettyNettySuiteTest.testClientCleanup(),246,MaxDuration: 10000
org.apache.zookeeper.test.NettyNettySuiteTest.testClientCleanup(),247,MaxDuration: 10000
org.apache.zookeeper.test.NettyNettySuiteTest.testClientCleanup(),248,MaxDuration: 10000
org.apache.zookeeper.test.NettyNettySuiteTest.testClientCleanup(),249,MaxDuration: 10000
org.apache.zookeeper.test.NettyNettySuiteTest.testClientCleanup(),250,MaxDuration: 10000
org.apache.zookeeper.test.NettyNettySuiteTest.testClientCleanup(),251,MaxDuration: 10000
org.apache.zookeeper.test.NettyNettySuiteTest.testClientCleanup(),252,MaxDuration: 10000
org.apache.zookeeper.test.NettyNettySuiteTest.testClientCleanup(),253,MaxDuration: 10000
org.apache.zookeeper.test.NettyNettySuiteTest.testClientCleanup(),254,MaxDuration: 10000
org.apache.zookeeper.test.NettyNettySuiteTest.testClientCleanup(),255,MaxDuration: 10000
org.apache.zookeeper.test.NettyNettySuiteTest.testClientCleanup(),256,MaxDuration: 10000
org.apache.zookeeper.test.NettyNettySuiteTest.testClientCleanup(),257,MaxDuration: 10000
org.apache.zookeeper.test.NettyNettySuiteTest.testClientCleanup(),258,MaxDuration: 10000
org.apache.zookeeper.test.NettyNettySuiteTest.testClientCleanup(),259,MaxDuration: 10000
org.apache.zookeeper.test.NettyNettySuiteTest.testClientCleanup(),260,MaxDuration: 10000
org.apache.zookeeper.test.NettyNettySuiteTest.testClientCleanup(),261,MaxDuration: 10000
org.apache.zookeeper.test.NettyNettySuiteTest.testClientCleanup(),262,MaxDuration: 10000
org.apache.zookeeper.test.NettyNettySuiteTest.testClientCleanup(),263,MaxDuration: 10000
org.apache.zookeeper.test.NettyNettySuiteTest.testClientCleanup(),264,MaxDuration: 10000
org.apache.zookeeper.test.NettyNettySuiteTest.testClientCleanup(),265,MaxDuration: 10000
org.apache.zookeeper.test.NettyNettySuiteTest.testClientCleanup(),266,MaxDuration: 10000
org.apache.zookeeper.test.NettyNettySuiteTest.testClientCleanup(),267,MaxDuration: 10000
org.apache.zookeeper.test.NettyNettySuiteTest.testClientCleanup(),268,MaxDuration: 10000
org.apache.zookeeper.test.NettyNettySuiteTest.testClientCleanup(),269,MaxDuration: 10000
org.apache.zookeeper.test.NettyNettySuiteTest.testClientCleanup(),270,MaxDuration: 10000
org.apache.zookeeper.test.NettyNettySuiteTest.testClientCleanup(),271,MaxDuration: 10000
org.apache.zookeeper.test.NettyNettySuiteTest.testClientCleanup(),272,MaxDuration: 10000
org.apache.zookeeper.test.NettyNettySuiteTest.testClientCleanup(),273,MaxDuration: 10000
org.apache.zookeeper.test.NettyNettySuiteTest.testClientCleanup(),274,MaxDuration: 10000
org.apache.zookeeper.test.NettyNettySuiteTest.testClientCleanup(),275,MaxDuration: 10000
org.apache.zookeeper.test.NettyNettySuiteTest.testClientCleanup(),276,MaxDuration: 10000
org.apache.zookeeper.test.NettyNettySuiteTest.testClientwithoutWatcherObj(),282,MaxDuration: 10000
org.apache.zookeeper.test.NettyNettySuiteTest.testClientwithoutWatcherObj(),283,MaxDuration: 10000
org.apache.zookeeper.test.NettyNettySuiteTest.testClientwithoutWatcherObj(),284,MaxDuration: 10000
org.apache.zookeeper.test.NettyNettySuiteTest.testSequentialNodeData(),290,MaxDuration: 10000
org.apache.zookeeper.test.NettyNettySuiteTest.testSequentialNodeData(),291,MaxDuration: 10000
org.apache.zookeeper.test.NettyNettySuiteTest.testSequentialNodeNames(),297,MaxDuration: 10000
org.apache.zookeeper.test.NettyNettySuiteTest.testSequentialNodeNames(),298,MaxDuration: 10000
org.apache.zookeeper.test.NettyNettySuiteTest.testClientWithWatcherObj(),304,MaxDuration: 10000
org.apache.zookeeper.test.NettyNettySuiteTest.testClientWithWatcherObj(),305,MaxDuration: 10000
org.apache.zookeeper.test.NettyNettySuiteTest.testClientWithWatcherObj(),306,MaxDuration: 10000
org.apache.zookeeper.test.NettyNettySuiteTest.testTestability(),312,MaxDuration: 10000
org.apache.zookeeper.test.NettyNettySuiteTest.testTestability(),313,MaxDuration: 10000
org.apache.zookeeper.test.NettyNettySuiteTest.testNullAuthId(),319,MaxDuration: 10000
org.apache.zookeeper.test.NettyNettySuiteTest.testNullAuthId(),320,MaxDuration: 10000
org.apache.zookeeper.test.NettyNettySuiteTest.testNullAuthId(),321,MaxDuration: 10000
org.apache.zookeeper.test.NettyNettySuiteTest.testNullAuthId(),322,MaxDuration: 10000
org.apache.zookeeper.test.NettyNettySuiteTest.testNonExistingOpCode(),328,MaxDuration: 10000
org.apache.zookeeper.test.NettyNettySuiteTest.testNonExistingOpCode(),329,MaxDuration: 10000
org.apache.zookeeper.test.NettyNettySuiteTest.testDeleteWithChildren(),335,MaxDuration: 10000
org.apache.zookeeper.test.NettyNettySuiteTest.testDeleteWithChildren(),336,MaxDuration: 10000
org.apache.zookeeper.test.NettyNettySuiteTest.testPathValidation(),342,MaxDuration: 10000
org.apache.zookeeper.test.NettyNettySuiteTest.testPathValidation(),343,MaxDuration: 10000
org.apache.zookeeper.test.NettyNettySuiteTest.testLargeNodeData(),349,MaxDuration: 10000
org.apache.zookeeper.test.NettyNettySuiteTest.testLargeNodeData(),350,MaxDuration: 10000
org.apache.zookeeper.test.NettyNettySuiteTest.testMutipleWatcherObjs(),356,MaxDuration: 10000
org.apache.zookeeper.test.NettyNettySuiteTest.testMutipleWatcherObjs(),357,MaxDuration: 10000
org.apache.zookeeper.test.NettyNettySuiteTest.testCXidRollover(),363,MaxDuration: 10000
org.apache.zookeeper.test.NettyNettySuiteTest.testCXidRollover(),364,MaxDuration: 10000
org.apache.zookeeper.test.NettyNettySuiteTest.testPing(),370,MaxDuration: 10000
org.apache.zookeeper.test.NettyNettySuiteTest.testTryWithResources(),375,MaxDuration: 10000
org.apache.zookeeper.test.NettyNettySuiteTest.testACLs(),380,MaxDuration: 10000
org.apache.zookeeper.test.NettyNettySuiteTest.testACLs(),381,MaxDuration: 10000
org.apache.zookeeper.test.NettyNettySuiteTest.testACLs(),382,MaxDuration: 10000
org.apache.zookeeper.test.NettyNettySuiteTest.testPing(),387,MaxDuration: 10000
org.apache.zookeeper.test.NettyNettySuiteTest.testPing(),388,MaxDuration: 10000
org.apache.zookeeper.test.NettyNettySuiteTest.testClientCleanup(),393,MaxDuration: 10000
org.apache.zookeeper.test.NettyNettySuiteTest.testClientCleanup(),394,MaxDuration: 10000
org.apache.zookeeper.test.NettyNettySuiteTest.testClientCleanup(),395,MaxDuration: 10000
org.apache.zookeeper.test.NettyNettySuiteTest.testClientCleanup(),396,MaxDuration: 10000
org.apache.zookeeper.test.NettyNettySuiteTest.testClientCleanup(),397,MaxDuration: 10000
org.apache.zookeeper.test.NettyNettySuiteTest.testClientCleanup(),398,MaxDuration: 10000
org.apache.zookeeper.test.NettyNettySuiteTest.testClientCleanup(),399,MaxDuration: 10000
org.apache.zookeeper.test.NettyNettySuiteTest.testClientCleanup(),400,MaxDuration: 10000
org.apache.zookeeper.test.NettyNettySuiteTest.testClientCleanup(),401,MaxDuration: 10000
org.apache.zookeeper.test.NettyNettySuiteTest.testClientCleanup(),402,MaxDuration: 10000
org.apache.zookeeper.test.NettyNettySuiteTest.testClientCleanup(),403,MaxDuration: 10000
org.apache.zookeeper.test.NettyNettySuiteTest.testClientCleanup(),404,MaxDuration: 10000
org.apache.zookeeper.test.NettyNettySuiteTest.testClientCleanup(),405,MaxDuration: 10000
org.apache.zookeeper.test.NettyNettySuiteTest.testClientCleanup(),406,MaxDuration: 10000
org.apache.zookeeper.test.NettyNettySuiteTest.testClientCleanup(),407,MaxDuration: 10000
org.apache.zookeeper.test.NettyNettySuiteTest.testClientCleanup(),408,MaxDuration: 10000
org.apache.zookeeper.test.NettyNettySuiteTest.testClientCleanup(),409,MaxDuration: 10000
org.apache.zookeeper.test.NettyNettySuiteTest.testClientCleanup(),410,MaxDuration: 10000
org.apache.zookeeper.test.NettyNettySuiteTest.testClientCleanup(),411,MaxDuration: 10000
org.apache.zookeeper.test.NettyNettySuiteTest.testClientCleanup(),412,MaxDuration: 10000
org.apache.zookeeper.test.NettyNettySuiteTest.testClientCleanup(),413,MaxDuration: 10000
org.apache.zookeeper.test.NettyNettySuiteTest.testClientCleanup(),414,MaxDuration: 10000
org.apache.zookeeper.test.NettyNettySuiteTest.testClientCleanup(),415,MaxDuration: 10000
org.apache.zookeeper.test.NettyNettySuiteTest.testClientCleanup(),416,MaxDuration: 10000
org.apache.zookeeper.test.NettyNettySuiteTest.testClientCleanup(),417,MaxDuration: 10000
org.apache.zookeeper.test.NettyNettySuiteTest.testClientCleanup(),418,MaxDuration: 10000
org.apache.zookeeper.test.NettyNettySuiteTest.testClientCleanup(),419,MaxDuration: 10000
org.apache.zookeeper.test.NettyNettySuiteTest.testClientCleanup(),420,MaxDuration: 10000
org.apache.zookeeper.test.NettyNettySuiteTest.testClientCleanup(),421,MaxDuration: 10000
org.apache.zookeeper.test.NettyNettySuiteTest.testClientCleanup(),422,MaxDuration: 10000
org.apache.zookeeper.test.NettyNettySuiteTest.testClientwithoutWatcherObj(),427,MaxDuration: 10000
org.apache.zookeeper.test.NettyNettySuiteTest.testClientwithoutWatcherObj(),428,MaxDuration: 10000
org.apache.zookeeper.test.NettyNettySuiteTest.testSequentialNodeData(),433,MaxDuration: 10000
org.apache.zookeeper.test.NettyNettySuiteTest.testSequentialNodeNames(),438,MaxDuration: 10000
org.apache.zookeeper.test.NettyNettySuiteTest.testClientWithWatcherObj(),443,MaxDuration: 10000
org.apache.zookeeper.test.NettyNettySuiteTest.testClientWithWatcherObj(),444,MaxDuration: 10000
org.apache.zookeeper.test.NettyNettySuiteTest.testTestability(),449,MaxDuration: 10000
org.apache.zookeeper.test.NettyNettySuiteTest.testNullAuthId(),454,MaxDuration: 10000
org.apache.zookeeper.test.NettyNettySuiteTest.testNullAuthId(),455,MaxDuration: 10000
org.apache.zookeeper.test.NettyNettySuiteTest.testNullAuthId(),456,MaxDuration: 10000
org.apache.zookeeper.test.NettyNettySuiteTest.testNonExistingOpCode(),461,MaxDuration: 10000
org.apache.zookeeper.test.NettyNettySuiteTest.testDeleteWithChildren(),466,MaxDuration: 10000
org.apache.zookeeper.test.NettyNettySuiteTest.testPathValidation(),471,MaxDuration: 10000
org.apache.zookeeper.test.NettyNettySuiteTest.testLargeNodeData(),476,MaxDuration: 10000
org.apache.zookeeper.test.NettyNettySuiteTest.testMutipleWatcherObjs(),481,MaxDuration: 10000
org.apache.zookeeper.test.NettyNettySuiteTest.testCXidRollover(),486,MaxDuration: 10000
org.apache.zookeeper.test.NettyNettySuiteTest.testFourLetterWords(),491,MaxDuration: 10000
org.apache.zookeeper.test.NettyNettySuiteTest.testValidateConsOutput(),500,MaxDuration: 10000
org.apache.zookeeper.test.NettyNettySuiteTest.testValidateConsOutput(),501,MaxDuration: 10000
org.apache.zookeeper.test.NettyNettySuiteTest.testValidateStatOutput(),510,MaxDuration: 10000
org.apache.zookeeper.test.NettyNettySuiteTest.testValidateStatOutput(),511,MaxDuration: 10000
org.apache.zookeeper.test.NettyNettySuiteTest.testNullData(),516,MaxDuration: 10000
org.apache.zookeeper.test.NettyNettySuiteTest.testMinMaxSessionTimeout(),521,MaxDuration: 10000
org.apache.zookeeper.test.NettyNettySuiteTest.testMinMaxSessionTimeout(),522,MaxDuration: 10000
org.apache.zookeeper.test.NettyNettySuiteTest.testMinMaxSessionTimeout(),523,MaxDuration: 10000
org.apache.zookeeper.test.NettyNettySuiteTest.testSessionMove(),528,MaxDuration: 10000
org.apache.zookeeper.test.NettyNettySuiteTest.testSessionMove(),529,MaxDuration: 10000
org.apache.zookeeper.test.NettyNettySuiteTest.testSessionMove(),530,MaxDuration: 10000
org.apache.zookeeper.test.NettyNettySuiteTest.testMaximumCnxnPerIP(),535,MaxDuration: 10000
org.apache.zookeeper.test.NettyNettySuiteTest.testMaximumCnxnPerIP(),536,MaxDuration: 10000
org.apache.zookeeper.test.NettyNettySuiteTest.testMaximumCnxnPerIP(),537,MaxDuration: 10000
org.apache.zookeeper.test.NettyNettySuiteTest.testMaximumCnxnPerIP(),538,MaxDuration: 10000
org.apache.zookeeper.test.NettyNettySuiteTest.testSessionTimeoutAccess(),543,MaxDuration: 10000
org.apache.zookeeper.test.NettyNettySuiteTest.testSessionTimeoutAccess(),544,MaxDuration: 10000
org.apache.zookeeper.test.NettyNettySuiteTest.testSessionTimeoutAccess(),545,MaxDuration: 10000
org.apache.zookeeper.test.NettyNettySuiteTest.testSession(),550,MaxDuration: 10000
org.apache.zookeeper.test.NettyNettySuiteTest.testSession(),551,MaxDuration: 10000
org.apache.zookeeper.test.NettyNettySuiteTest.testSession(),552,MaxDuration: 10000
org.apache.zookeeper.test.NettyNettySuiteTest.testSessionStateNoDupStateReporting(),557,MaxDuration: 10000
org.apache.zookeeper.test.NettyNettySuiteTest.testWatchAutoResetWithPending(),562,MaxDuration: 10000
org.apache.zookeeper.test.NettyNettySuiteTest.testWatchAutoResetWithPending(),563,MaxDuration: 10000
org.apache.zookeeper.test.NettyNettySuiteTest.testWatcherCorrectness(),568,MaxDuration: 10000
org.apache.zookeeper.test.NettyNettySuiteTest.testWatcherAutoResetDisabledWithLocal(),573,MaxDuration: 10000
org.apache.zookeeper.test.NettyNettySuiteTest.testWatcherAutoResetWithGlobal(),578,MaxDuration: 10000
org.apache.zookeeper.test.NettyNettySuiteTest.testWatcherDisconnectOnClose(),583,MaxDuration: 10000
org.apache.zookeeper.test.NettyNettySuiteTest.testWatcherCount(),588,MaxDuration: 10000
org.apache.zookeeper.test.NettyNettySuiteTest.testWatcherCount(),589,MaxDuration: 10000
org.apache.zookeeper.test.NettyNettySuiteTest.testWatcherAutoResetDisabledWithGlobal(),594,MaxDuration: 10000
org.apache.zookeeper.test.NettyNettySuiteTest.testWatcherAutoResetWithLocal(),599,MaxDuration: 10000
org.apache.zookeeper.test.NettyNettySuiteTest.testQuorumSystemChange(),604,[not called the constraint]
org.apache.zookeeper.test.NettyNettySuiteTest.testQuorumSystemChange(),605,[not called the constraint]
org.apache.zookeeper.test.NettyNettySuiteTest.testQuorumSystemChange(),606,[not called the constraint]
org.apache.zookeeper.test.NettyNettySuiteTest.testQuorumSystemChange(),607,[not called the constraint]
org.apache.zookeeper.test.NettyNettySuiteTest.testQuorumSystemChange(),608,[not called the constraint]
org.apache.zookeeper.test.NettyNettySuiteTest.testQuorumSystemChange(),609,[not called the constraint]
org.apache.zookeeper.test.NettyNettySuiteTest.testQuorumSystemChange(),610,[not called the constraint]
org.apache.zookeeper.test.NettyNettySuiteTest.testQuorumSystemChange(),611,[not called the constraint]
org.apache.zookeeper.test.NettyNettySuiteTest.testQuorumSystemChange(),612,[not called the constraint]
org.apache.zookeeper.test.NettyNettySuiteTest.testQuorumSystemChange(),613,[not called the constraint]
org.apache.zookeeper.test.NettyNettySuiteTest.testQuorumSystemChange(),614,[not called the constraint]
org.apache.zookeeper.test.NettyNettySuiteTest.testQuorumSystemChange(),615,[not called the constraint]
org.apache.zookeeper.test.NettyNettySuiteTest.testQuorumSystemChange(),616,[not called the constraint]
org.apache.zookeeper.test.NettyNettySuiteTest.testQuorumSystemChange(),617,[not called the constraint]
org.apache.zookeeper.test.NettyNettySuiteTest.testQuorumSystemChange(),618,MaxRetry: 5
org.apache.zookeeper.test.NettyNettySuiteTest.testQuorumSystemChange(),619,MaxRetry: 5
org.apache.zookeeper.test.NettyNettySuiteTest.testQuorumSystemChange(),620,MaxDuration: 100
org.apache.zookeeper.test.NettyNettySuiteTest.testQuorumSystemChange(),621,MaxDuration: 100
org.apache.zookeeper.test.NettyNettySuiteTest.testQuorumSystemChange(),622,MaxRetry: 5
org.apache.zookeeper.test.NettyNettySuiteTest.testQuorumSystemChange(),623,MaxRetry: 5
org.apache.zookeeper.test.NettyNettySuiteTest.testQuorumSystemChange(),624,MaxDuration: 100
org.apache.zookeeper.test.NettyNettySuiteTest.testQuorumSystemChange(),625,MaxDuration: 100
org.apache.zookeeper.test.NettyNettySuiteTest.testQuorumSystemChange(),626,MaxRetry: 5
org.apache.zookeeper.test.NettyNettySuiteTest.testQuorumSystemChange(),627,MaxDuration: 100
org.apache.zookeeper.test.NettyNettySuiteTest.testQuorumSystemChange(),628,MaxRetry: 5
org.apache.zookeeper.test.NettyNettySuiteTest.testQuorumSystemChange(),629,MaxDuration: 100
org.apache.zookeeper.test.NettyNettySuiteTest.testQuorumSystemChange(),630,MaxDuration: 10000
org.apache.zookeeper.test.NettyNettySuiteTest.testQuorumSystemChange(),631,MaxDuration: 10000
org.apache.zookeeper.test.NettyNettySuiteTest.testQuorumSystemChange(),632,MaxDuration: 10000
org.apache.zookeeper.test.NettyNettySuiteTest.testQuorumSystemChange(),633,MaxDuration: 10000
org.apache.zookeeper.test.NettyNettySuiteTest.testQuorumSystemChange(),634,MaxDuration: 10000
org.apache.zookeeper.test.NettyNettySuiteTest.testQuorumSystemChange(),635,MaxDuration: 10000
org.apache.zookeeper.test.NettyNettySuiteTest.testQuorumSystemChange(),636,MaxDuration: 10000
org.apache.zookeeper.test.NettyNettySuiteTest.testQuorumSystemChange(),637,MaxDuration: 10000
org.apache.zookeeper.test.NettyNettySuiteTest.testQuorumSystemChange(),638,MaxDuration: 10000
org.apache.zookeeper.test.NettyNettySuiteTest.testQuorumSystemChange(),639,MaxDuration: 10000
org.apache.zookeeper.test.NettyNettySuiteTest.testQuorumSystemChange(),640,MaxDuration: 10000
org.apache.zookeeper.test.NettyNettySuiteTest.testQuorumSystemChange(),641,MaxDuration: 10000
org.apache.zookeeper.test.NettyNettySuiteTest.testQuorumSystemChange(),642,MaxDuration: 10000
org.apache.zookeeper.test.NettyNettySuiteTest.testQuorumSystemChange(),643,MaxDuration: 10000
org.apache.zookeeper.test.NettyNettySuiteTest.testQuorumSystemChange(),644,[not called the constraint]
org.apache.zookeeper.test.NettyNettySuiteTest.testQuorumSystemChange(),645,[not called the constraint]
org.apache.zookeeper.test.NettyNettySuiteTest.testQuorumSystemChange(),674,MaxRetry: 5
org.apache.zookeeper.test.NettyNettySuiteTest.testQuorumSystemChange(),675,MaxDuration: 100
org.apache.zookeeper.test.NettyNettySuiteTest.testQuorumSystemChange(),683,[not called the constraint]
org.apache.zookeeper.test.NettyNettySuiteTest.testQuorumSystemChange(),684,[not called the constraint]
org.apache.zookeeper.test.NettyNettySuiteTest.testQuorumSystemChange(),685,MaxRetry: 5
org.apache.zookeeper.test.NettyNettySuiteTest.testQuorumSystemChange(),686,MaxDuration: 100
org.apache.zookeeper.test.NettyNettySuiteTest.testQuorumSystemChange(),687,[not called the constraint]
org.apache.zookeeper.test.NettyNettySuiteTest.testQuorumSystemChange(),688,[not called the constraint]
org.apache.zookeeper.test.NettyNettySuiteTest.testQuorumSystemChange(),689,MaxRetry: 5
org.apache.zookeeper.test.NettyNettySuiteTest.testQuorumSystemChange(),690,[not called the constraint]
org.apache.zookeeper.test.NettyNettySuiteTest.testQuorumSystemChange(),691,MaxDuration: 100
org.apache.zookeeper.test.NettyNettySuiteTest.testQuorumSystemChange(),692,[not called the constraint]
org.apache.zookeeper.test.NettyNettySuiteTest.testQuorumSystemChange(),693,[not called the constraint]
org.apache.zookeeper.test.NettyNettySuiteTest.testQuorumSystemChange(),694,[not called the constraint]
org.apache.zookeeper.test.NettyNettySuiteTest.testQuorumSystemChange(),695,MaxRetry: 5
org.apache.zookeeper.test.NettyNettySuiteTest.testQuorumSystemChange(),696,MaxDuration: 100
org.apache.zookeeper.test.NettyNettySuiteTest.testQuorumSystemChange(),697,[not called the constraint]
org.apache.zookeeper.test.NettyNettySuiteTest.testQuorumSystemChange(),698,[not called the constraint]
org.apache.zookeeper.test.NettyNettySuiteTest.testQuorumSystemChange(),699,[not called the constraint]
org.apache.zookeeper.test.NettyNettySuiteTest.testQuorumSystemChange(),700,[not called the constraint]
org.apache.zookeeper.test.NettyNettySuiteTest.testQuorumSystemChange(),701,MaxRetry: 5
org.apache.zookeeper.test.NettyNettySuiteTest.testQuorumSystemChange(),702,MaxDuration: 100
org.apache.zookeeper.test.NettyNettySuiteTest.testQuorumSystemChange(),785,MaxRetry: 5
org.apache.zookeeper.test.NettyNettySuiteTest.testQuorumSystemChange(),786,MaxDuration: 100
org.apache.zookeeper.test.NettyNettySuiteTest.testQuorumSystemChange(),787,MaxRetry: 5
org.apache.zookeeper.test.NettyNettySuiteTest.testQuorumSystemChange(),788,MaxDuration: 100
org.apache.zookeeper.test.NettyNettySuiteTest.testQuorumSystemChange(),789,MaxRetry: 5
org.apache.zookeeper.test.NettyNettySuiteTest.testQuorumSystemChange(),790,MaxDuration: 100
org.apache.zookeeper.test.NettyNettySuiteTest.testQuorumSystemChange(),830,[not called the constraint]
org.apache.zookeeper.test.NettyNettySuiteTest.testQuorumSystemChange(),831,[not called the constraint]
org.apache.zookeeper.test.NettyNettySuiteTest.testQuorumSystemChange(),832,[not called the constraint]
org.apache.zookeeper.test.NettyNettySuiteTest.testQuorumSystemChange(),833,[not called the constraint]
org.apache.zookeeper.test.NettyNettySuiteTest.testQuorumSystemChange(),834,MaxRetry: 5
org.apache.zookeeper.test.NettyNettySuiteTest.testQuorumSystemChange(),835,MaxDuration: 100
org.apache.zookeeper.test.NettyNettySuiteTest.testQuorumSystemChange(),836,[not called the constraint]
org.apache.zookeeper.test.NettyNettySuiteTest.testQuorumSystemChange(),837,[not called the constraint]
org.apache.zookeeper.test.NettyNettySuiteTest.testQuorumSystemChange(),850,[not called the constraint]
org.apache.zookeeper.test.NettyNettySuiteTest.testQuorumSystemChange(),851,[not called the constraint]
org.apache.zookeeper.test.NettyNettySuiteTest.testQuorumSystemChange(),852,MaxRetry: 5
org.apache.zookeeper.test.NettyNettySuiteTest.testQuorumSystemChange(),853,MaxDuration: 100
org.apache.zookeeper.test.NettyNettySuiteTest.testQuorumSystemChange(),854,[not called the constraint]
org.apache.zookeeper.test.NettyNettySuiteTest.testQuorumSystemChange(),855,[not called the constraint]
org.apache.zookeeper.test.NettyNettySuiteTest.testQuorumSystemChange(),863,[not called the constraint]
org.apache.zookeeper.test.NettyNettySuiteTest.testQuorumSystemChange(),864,[not called the constraint]
org.apache.zookeeper.test.NettyNettySuiteTest.testQuorumSystemChange(),865,[not called the constraint]
org.apache.zookeeper.test.NettyNettySuiteTest.testQuorumSystemChange(),866,[not called the constraint]
org.apache.zookeeper.test.NettyNettySuiteTest.testQuorumSystemChange(),867,[not called the constraint]
org.apache.zookeeper.test.NettyNettySuiteTest.testQuorumSystemChange(),875,[not called the constraint]
org.apache.zookeeper.test.NettyNettySuiteTest.testQuorumSystemChange(),883,MaxRetry: 5
org.apache.zookeeper.test.NettyNettySuiteTest.testQuorumSystemChange(),884,MaxDuration: 100
org.apache.zookeeper.test.NettyNettySuiteTest.testQuorumSystemChange(),885,MaxRetry: 5
org.apache.zookeeper.test.NettyNettySuiteTest.testQuorumSystemChange(),886,MaxDuration: 100
org.apache.zookeeper.test.NettyNettySuiteTest.testQuorumSystemChange(),887,MaxRetry: 5
org.apache.zookeeper.test.NettyNettySuiteTest.testQuorumSystemChange(),888,MaxDuration: 100
org.apache.zookeeper.test.NettyNettySuiteTest.testPortChange(),921,[not called the constraint]
org.apache.zookeeper.test.NettyNettySuiteTest.testPortChange(),922,[not called the constraint]
org.apache.zookeeper.test.NettyNettySuiteTest.testPortChange(),923,[not called the constraint]
org.apache.zookeeper.test.NettyNettySuiteTest.testPortChange(),924,[not called the constraint]
org.apache.zookeeper.test.NettyNettySuiteTest.testPortChange(),925,[not called the constraint]
org.apache.zookeeper.test.NettyNettySuiteTest.testPortChange(),926,[not called the constraint]
org.apache.zookeeper.test.NettyNettySuiteTest.testPortChange(),927,MaxRetry: 5
org.apache.zookeeper.test.NettyNettySuiteTest.testPortChange(),928,MaxDuration: 100
org.apache.zookeeper.test.NettyNettySuiteTest.testPortChange(),929,MaxRetry: 5
org.apache.zookeeper.test.NettyNettySuiteTest.testPortChange(),930,MaxDuration: 100
org.apache.zookeeper.test.NettyNettySuiteTest.testPortChange(),931,MaxDuration: 10000
org.apache.zookeeper.test.NettyNettySuiteTest.testPortChange(),932,MaxDuration: 10000
org.apache.zookeeper.test.NettyNettySuiteTest.testPortChange(),933,MaxDuration: 10000
org.apache.zookeeper.test.NettyNettySuiteTest.testPortChange(),934,MaxDuration: 10000
org.apache.zookeeper.test.NettyNettySuiteTest.testPortChange(),935,MaxDuration: 10000
org.apache.zookeeper.test.NettyNettySuiteTest.testPortChange(),936,MaxDuration: 10000
org.apache.zookeeper.test.NettyNettySuiteTest.testPortChange(),937,[not called the constraint]
org.apache.zookeeper.test.NettyNettySuiteTest.testPortChange(),938,[not called the constraint]
org.apache.zookeeper.test.NettyNettySuiteTest.testPortChange(),939,[not called the constraint]
org.apache.zookeeper.test.NettyNettySuiteTest.testPortChange(),940,[not called the constraint]
org.apache.zookeeper.test.NettyNettySuiteTest.testPortChange(),941,[not called the constraint]
org.apache.zookeeper.test.NettyNettySuiteTest.testPortChange(),942,[not called the constraint]
org.apache.zookeeper.test.NettyNettySuiteTest.testPortChange(),943,MaxDuration: 10000
org.apache.zookeeper.test.NettyNettySuiteTest.testPortChange(),944,MaxDuration: 10000
org.apache.zookeeper.test.NettyNettySuiteTest.testPortChange(),945,MaxDuration: 10000
org.apache.zookeeper.test.NettyNettySuiteTest.testPortChange(),946,MaxDuration: 10000
org.apache.zookeeper.test.NettyNettySuiteTest.testPortChange(),947,[not called the constraint]
org.apache.zookeeper.test.NettyNettySuiteTest.testPortChange(),948,[not called the constraint]
org.apache.zookeeper.test.NettyNettySuiteTest.testPortChange(),956,[not called the constraint]
org.apache.zookeeper.test.NettyNettySuiteTest.testPortChange(),957,[not called the constraint]
org.apache.zookeeper.test.NettyNettySuiteTest.testPortChange(),958,[not called the constraint]
org.apache.zookeeper.test.NettyNettySuiteTest.testPortChange(),966,[not called the constraint]
org.apache.zookeeper.test.NettyNettySuiteTest.testPortChange(),967,MaxRetry: 5
org.apache.zookeeper.test.NettyNettySuiteTest.testPortChange(),968,MaxDuration: 100
org.apache.zookeeper.test.NettyNettySuiteTest.testPortChange(),969,MaxRetry: 5
org.apache.zookeeper.test.NettyNettySuiteTest.testPortChange(),970,MaxDuration: 100
org.apache.zookeeper.test.NettyNettySuiteTest.testPortChange(),972,[not called the constraint]
org.apache.zookeeper.test.NettyNettySuiteTest.testPortChange(),973,[not called the constraint]
org.apache.zookeeper.test.NettyNettySuiteTest.testPortChange(),974,[not called the constraint]
org.apache.zookeeper.test.NettyNettySuiteTest.testPortChange(),975,[not called the constraint]
org.apache.zookeeper.test.NettyNettySuiteTest.testPortChange(),976,[not called the constraint]
org.apache.zookeeper.test.NettyNettySuiteTest.testPortChange(),977,[not called the constraint]
org.apache.zookeeper.test.NettyNettySuiteTest.testPortChange(),1006,MaxRetry: 5
org.apache.zookeeper.test.NettyNettySuiteTest.testPortChange(),1007,MaxDuration: 100
org.apache.zookeeper.test.NettyNettySuiteTest.testPortChangeToBlockedPortLeader(),1019,[not called the constraint]
org.apache.zookeeper.test.NettyNettySuiteTest.testPortChangeToBlockedPortLeader(),1020,[not called the constraint]
org.apache.zookeeper.test.NettyNettySuiteTest.testPortChangeToBlockedPortLeader(),1021,[not called the constraint]
org.apache.zookeeper.test.NettyNettySuiteTest.testPortChangeToBlockedPortLeader(),1022,[not called the constraint]
org.apache.zookeeper.test.NettyNettySuiteTest.testPortChangeToBlockedPortLeader(),1023,[not called the constraint]
org.apache.zookeeper.test.NettyNettySuiteTest.testPortChangeToBlockedPortLeader(),1024,[not called the constraint]
org.apache.zookeeper.test.NettyNettySuiteTest.testPortChangeToBlockedPortLeader(),1025,MaxRetry: 5
org.apache.zookeeper.test.NettyNettySuiteTest.testPortChangeToBlockedPortLeader(),1026,MaxRetry: 5
org.apache.zookeeper.test.NettyNettySuiteTest.testPortChangeToBlockedPortLeader(),1027,MaxDuration: 100
org.apache.zookeeper.test.NettyNettySuiteTest.testPortChangeToBlockedPortLeader(),1028,MaxDuration: 100
org.apache.zookeeper.test.NettyNettySuiteTest.testPortChangeToBlockedPortLeader(),1029,MaxDuration: 10000
org.apache.zookeeper.test.NettyNettySuiteTest.testPortChangeToBlockedPortLeader(),1030,MaxDuration: 10000
org.apache.zookeeper.test.NettyNettySuiteTest.testPortChangeToBlockedPortLeader(),1031,MaxDuration: 10000
org.apache.zookeeper.test.NettyNettySuiteTest.testPortChangeToBlockedPortLeader(),1032,MaxDuration: 10000
org.apache.zookeeper.test.NettyNettySuiteTest.testPortChangeToBlockedPortLeader(),1033,MaxDuration: 10000
org.apache.zookeeper.test.NettyNettySuiteTest.testPortChangeToBlockedPortLeader(),1034,MaxDuration: 10000
org.apache.zookeeper.test.NettyNettySuiteTest.testPortChangeToBlockedPortLeader(),1035,[not called the constraint]
org.apache.zookeeper.test.NettyNettySuiteTest.testPortChangeToBlockedPortLeader(),1049,[not called the constraint]
org.apache.zookeeper.test.NettyNettySuiteTest.testPortChangeToBlockedPortLeader(),1050,[not called the constraint]
org.apache.zookeeper.test.NettyNettySuiteTest.testPortChangeToBlockedPortLeader(),1051,[not called the constraint]
org.apache.zookeeper.test.NettyNettySuiteTest.testPortChangeToBlockedPortLeader(),1052,[not called the constraint]
org.apache.zookeeper.test.NettyNettySuiteTest.testPortChangeToBlockedPortLeader(),1053,[not called the constraint]
org.apache.zookeeper.test.NettyNettySuiteTest.testPortChangeToBlockedPortLeader(),1054,MaxDuration: 10000
org.apache.zookeeper.test.NettyNettySuiteTest.testPortChangeToBlockedPortLeader(),1055,MaxDuration: 10000
org.apache.zookeeper.test.NettyNettySuiteTest.testPortChangeToBlockedPortLeader(),1056,[not called the constraint]
org.apache.zookeeper.test.NettyNettySuiteTest.testPortChangeToBlockedPortLeader(),1057,[not called the constraint]
org.apache.zookeeper.test.NettyNettySuiteTest.testPortChangeToBlockedPortLeader(),1058,[not called the constraint]
org.apache.zookeeper.test.NettyNettySuiteTest.testPortChangeToBlockedPortLeader(),1059,[not called the constraint]
org.apache.zookeeper.test.NettyNettySuiteTest.testPortChangeToBlockedPortLeader(),1060,[not called the constraint]
org.apache.zookeeper.test.NettyNettySuiteTest.testPortChangeToBlockedPortLeader(),1061,[not called the constraint]
org.apache.zookeeper.test.NettyNettySuiteTest.testPortChangeToBlockedPortLeader(),1062,MaxDuration: 10000
org.apache.zookeeper.test.NettyNettySuiteTest.testReconfigEnablemntWithRollingRestart(),1085,[not called the constraint]
org.apache.zookeeper.test.NettyNettySuiteTest.testReconfigEnablemntWithRollingRestart(),1086,[not called the constraint]
org.apache.zookeeper.test.NettyNettySuiteTest.testReconfigEnablemntWithRollingRestart(),1087,[not called the constraint]
org.apache.zookeeper.test.NettyNettySuiteTest.testReconfigEnablemntWithRollingRestart(),1088,[not called the constraint]
org.apache.zookeeper.test.NettyNettySuiteTest.testReconfigEnablemntWithRollingRestart(),1089,[not called the constraint]
org.apache.zookeeper.test.NettyNettySuiteTest.testReconfigEnablemntWithRollingRestart(),1090,[not called the constraint]
org.apache.zookeeper.test.NettyNettySuiteTest.testReconfigEnablemntWithRollingRestart(),1091,MaxRetry: 5
org.apache.zookeeper.test.NettyNettySuiteTest.testReconfigEnablemntWithRollingRestart(),1092,MaxRetry: 5
org.apache.zookeeper.test.NettyNettySuiteTest.testReconfigEnablemntWithRollingRestart(),1093,MaxDuration: 100
org.apache.zookeeper.test.NettyNettySuiteTest.testReconfigEnablemntWithRollingRestart(),1094,MaxDuration: 100
org.apache.zookeeper.test.NettyNettySuiteTest.testReconfigEnablemntWithRollingRestart(),1095,MaxDuration: 10000
org.apache.zookeeper.test.NettyNettySuiteTest.testReconfigEnablemntWithRollingRestart(),1096,MaxDuration: 10000
org.apache.zookeeper.test.NettyNettySuiteTest.testReconfigEnablemntWithRollingRestart(),1097,MaxDuration: 10000
org.apache.zookeeper.test.NettyNettySuiteTest.testReconfigEnablemntWithRollingRestart(),1105,[not called the constraint]
org.apache.zookeeper.test.NettyNettySuiteTest.testReconfigEnablemntWithRollingRestart(),1106,[not called the constraint]
org.apache.zookeeper.test.NettyNettySuiteTest.testReconfigEnablemntWithRollingRestart(),1107,MaxRetry: 5
org.apache.zookeeper.test.NettyNettySuiteTest.testReconfigEnablemntWithRollingRestart(),1108,MaxDuration: 100
org.apache.zookeeper.test.NettyNettySuiteTest.testReconfigEnablemntWithRollingRestart(),1116,[not called the constraint]
org.apache.zookeeper.test.NettyNettySuiteTest.testReconfigEnablemntWithRollingRestart(),1117,[not called the constraint]
org.apache.zookeeper.test.NettyNettySuiteTest.testReconfigEnablemntWithRollingRestart(),1118,MaxRetry: 5
org.apache.zookeeper.test.NettyNettySuiteTest.testReconfigEnablemntWithRollingRestart(),1119,MaxDuration: 100
org.apache.zookeeper.test.NettyNettySuiteTest.testReconfigEnablemntWithRollingRestart(),1148,[not called the constraint]
org.apache.zookeeper.test.NettyNettySuiteTest.testReconfigEnablemntWithRollingRestart(),1149,[not called the constraint]
org.apache.zookeeper.test.NettyNettySuiteTest.testReconfigEnablemntWithRollingRestart(),1150,MaxRetry: 5
org.apache.zookeeper.test.NettyNettySuiteTest.testReconfigEnablemntWithRollingRestart(),1151,MaxRetry: 5
org.apache.zookeeper.test.NettyNettySuiteTest.testReconfigEnablemntWithRollingRestart(),1152,MaxDuration: 100
org.apache.zookeeper.test.NettyNettySuiteTest.testReconfigEnablemntWithRollingRestart(),1153,MaxDuration: 100
org.apache.zookeeper.test.NettyNettySuiteTest.testReconfigEnablemntWithRollingRestart(),1154,MaxDuration: 10000
org.apache.zookeeper.test.NettyNettySuiteTest.testReconfigEnablemntWithRollingRestart(),1155,MaxDuration: 10000
org.apache.zookeeper.test.NettyNettySuiteTest.testReconfigEnablemntWithRollingRestart(),1156,MaxDuration: 10000
org.apache.zookeeper.test.NettyNettySuiteTest.testReconfigEnablemntWithRollingRestart(),1157,[not called the constraint]
org.apache.zookeeper.test.NettyNettySuiteTest.testReconfigEnablemntWithRollingRestart(),1158,[not called the constraint]
org.apache.zookeeper.test.NettyNettySuiteTest.testReconfigEnablemntWithRollingRestart(),1159,[not called the constraint]
org.apache.zookeeper.test.NettyNettySuiteTest.testReconfigEnablemntWithRollingRestart(),1160,[not called the constraint]
org.apache.zookeeper.test.NettyNettySuiteTest.testReconfigEnablemntWithRollingRestart(),1161,[not called the constraint]
org.apache.zookeeper.test.NettyNettySuiteTest.testReconfigEnablemntWithRollingRestart(),1162,[not called the constraint]
org.apache.zookeeper.test.NettyNettySuiteTest.testReconfigEnablemntWithRollingRestart(),1163,[not called the constraint]
org.apache.zookeeper.test.NettyNettySuiteTest.testReconfigEnablemntWithRollingRestart(),1164,[not called the constraint]
org.apache.zookeeper.test.NettyNettySuiteTest.testReconfigEnablemntWithRollingRestart(),1165,[not called the constraint]
org.apache.zookeeper.test.NettyNettySuiteTest.testReconfigEnablemntWithRollingRestart(),1166,[not called the constraint]
org.apache.zookeeper.test.NettyNettySuiteTest.testReconfigEnablemntWithRollingRestart(),1167,[not called the constraint]
org.apache.zookeeper.test.NettyNettySuiteTest.testReconfigEnablemntWithRollingRestart(),1168,[not called the constraint]
org.apache.zookeeper.test.NettyNettySuiteTest.testInitialConfigHasPositiveVersion(),1187,[not called the constraint]
org.apache.zookeeper.test.NettyNettySuiteTest.testInitialConfigHasPositiveVersion(),1188,[not called the constraint]
org.apache.zookeeper.test.NettyNettySuiteTest.testInitialConfigHasPositiveVersion(),1189,[not called the constraint]
org.apache.zookeeper.test.NettyNettySuiteTest.testInitialConfigHasPositiveVersion(),1190,[not called the constraint]
org.apache.zookeeper.test.NettyNettySuiteTest.testInitialConfigHasPositiveVersion(),1191,[not called the constraint]
org.apache.zookeeper.test.NettyNettySuiteTest.testInitialConfigHasPositiveVersion(),1192,[not called the constraint]
org.apache.zookeeper.test.NettyNettySuiteTest.testInitialConfigHasPositiveVersion(),1193,MaxRetry: 5
org.apache.zookeeper.test.NettyNettySuiteTest.testInitialConfigHasPositiveVersion(),1194,MaxDuration: 100
org.apache.zookeeper.test.NettyNettySuiteTest.testInitialConfigHasPositiveVersion(),1195,MaxRetry: 5
org.apache.zookeeper.test.NettyNettySuiteTest.testInitialConfigHasPositiveVersion(),1196,MaxDuration: 100
org.apache.zookeeper.test.NettyNettySuiteTest.testInitialConfigHasPositiveVersion(),1197,MaxDuration: 10000
org.apache.zookeeper.test.NettyNettySuiteTest.testInitialConfigHasPositiveVersion(),1198,MaxDuration: 10000
org.apache.zookeeper.test.NettyNettySuiteTest.testInitialConfigHasPositiveVersion(),1199,MaxDuration: 10000
org.apache.zookeeper.test.NettyNettySuiteTest.testRemoveAddOne(),1218,[not called the constraint]
org.apache.zookeeper.test.NettyNettySuiteTest.testRemoveAddOne(),1219,[not called the constraint]
org.apache.zookeeper.test.NettyNettySuiteTest.testRemoveAddOne(),1220,[not called the constraint]
org.apache.zookeeper.test.NettyNettySuiteTest.testRemoveAddOne(),1221,[not called the constraint]
org.apache.zookeeper.test.NettyNettySuiteTest.testRemoveAddOne(),1222,[not called the constraint]
org.apache.zookeeper.test.NettyNettySuiteTest.testRemoveAddOne(),1223,[not called the constraint]
org.apache.zookeeper.test.NettyNettySuiteTest.testRemoveAddOne(),1224,MaxRetry: 5
org.apache.zookeeper.test.NettyNettySuiteTest.testRemoveAddOne(),1225,MaxRetry: 5
org.apache.zookeeper.test.NettyNettySuiteTest.testRemoveAddOne(),1226,MaxDuration: 100
org.apache.zookeeper.test.NettyNettySuiteTest.testRemoveAddOne(),1227,MaxDuration: 100
org.apache.zookeeper.test.NettyNettySuiteTest.testRemoveAddOne(),1228,MaxDuration: 10000
org.apache.zookeeper.test.NettyNettySuiteTest.testRemoveAddOne(),1229,MaxDuration: 10000
org.apache.zookeeper.test.NettyNettySuiteTest.testRemoveAddOne(),1230,MaxDuration: 10000
org.apache.zookeeper.test.NettyNettySuiteTest.testRemoveAddOne(),1231,MaxDuration: 10000
org.apache.zookeeper.test.NettyNettySuiteTest.testRemoveAddOne(),1232,MaxDuration: 10000
org.apache.zookeeper.test.NettyNettySuiteTest.testRemoveAddOne(),1233,MaxDuration: 10000
org.apache.zookeeper.test.NettyNettySuiteTest.testRemoveAddOne(),1234,[not called the constraint]
org.apache.zookeeper.test.NettyNettySuiteTest.testRemoveAddOne(),1235,[not called the constraint]
org.apache.zookeeper.test.NettyNettySuiteTest.testRemoveAddOne(),1236,[not called the constraint]
org.apache.zookeeper.test.NettyNettySuiteTest.testRemoveAddOne(),1237,[not called the constraint]
org.apache.zookeeper.test.NettyNettySuiteTest.testRemoveAddOne(),1238,[not called the constraint]
org.apache.zookeeper.test.NettyNettySuiteTest.testRemoveAddOne(),1239,[not called the constraint]
org.apache.zookeeper.test.NettyNettySuiteTest.testRemoveAddOne(),1240,[not called the constraint]
org.apache.zookeeper.test.NettyNettySuiteTest.testRemoveAddOne(),1241,[not called the constraint]
org.apache.zookeeper.test.NettyNettySuiteTest.testRemoveAddOne(),1242,[not called the constraint]
org.apache.zookeeper.test.NettyNettySuiteTest.testRemoveAddOne(),1243,[not called the constraint]
org.apache.zookeeper.test.NettyNettySuiteTest.testRemoveAddOne(),1244,[not called the constraint]
org.apache.zookeeper.test.NettyNettySuiteTest.testRemoveAddOne(),1245,[not called the constraint]
org.apache.zookeeper.test.NettyNettySuiteTest.testRemoveAddOne(),1246,[not called the constraint]
org.apache.zookeeper.test.NettyNettySuiteTest.testRemoveAddOne(),1247,[not called the constraint]
org.apache.zookeeper.test.NettyNettySuiteTest.testRemoveAddOne(),1248,[not called the constraint]
org.apache.zookeeper.test.NettyNettySuiteTest.testRemoveAddOne(),1256,[not called the constraint]
org.apache.zookeeper.test.NettyNettySuiteTest.testRemoveAddOne(),1257,[not called the constraint]
org.apache.zookeeper.test.NettyNettySuiteTest.testRemoveAddOne(),1265,[not called the constraint]
org.apache.zookeeper.test.NettyNettySuiteTest.testRemoveAddOne(),1266,MaxRetry: 5
org.apache.zookeeper.test.NettyNettySuiteTest.testRemoveAddOne(),1267,MaxDuration: 100
org.apache.zookeeper.test.NettyNettySuiteTest.testRemoveAddOne(),1268,MaxRetry: 5
org.apache.zookeeper.test.NettyNettySuiteTest.testRemoveAddOne(),1269,MaxDuration: 100
org.apache.zookeeper.test.NettyNettySuiteTest.testRemoveAddOne(),1271,[not called the constraint]
org.apache.zookeeper.test.NettyNettySuiteTest.testRemoveAddOne(),1272,[not called the constraint]
org.apache.zookeeper.test.NettyNettySuiteTest.testRemoveAddOne(),1273,[not called the constraint]
org.apache.zookeeper.test.NettyNettySuiteTest.testRemoveAddOne(),1274,[not called the constraint]
org.apache.zookeeper.test.NettyNettySuiteTest.testRemoveAddOne(),1275,[not called the constraint]
org.apache.zookeeper.test.NettyNettySuiteTest.testRemoveAddOne(),1276,[not called the constraint]
org.apache.zookeeper.test.NettyNettySuiteTest.testRemoveAddTwo(),1309,[not called the constraint]
org.apache.zookeeper.test.NettyNettySuiteTest.testRemoveAddTwo(),1310,[not called the constraint]
org.apache.zookeeper.test.NettyNettySuiteTest.testRemoveAddTwo(),1311,[not called the constraint]
org.apache.zookeeper.test.NettyNettySuiteTest.testRemoveAddTwo(),1312,[not called the constraint]
org.apache.zookeeper.test.NettyNettySuiteTest.testRemoveAddTwo(),1313,[not called the constraint]
org.apache.zookeeper.test.NettyNettySuiteTest.testRemoveAddTwo(),1314,[not called the constraint]
org.apache.zookeeper.test.NettyNettySuiteTest.testRemoveAddTwo(),1315,[not called the constraint]
org.apache.zookeeper.test.NettyNettySuiteTest.testRemoveAddTwo(),1316,[not called the constraint]
org.apache.zookeeper.test.NettyNettySuiteTest.testRemoveAddTwo(),1317,[not called the constraint]
org.apache.zookeeper.test.NettyNettySuiteTest.testRemoveAddTwo(),1318,[not called the constraint]
org.apache.zookeeper.test.NettyNettySuiteTest.testRemoveAddTwo(),1319,MaxRetry: 5
org.apache.zookeeper.test.NettyNettySuiteTest.testRemoveAddTwo(),1320,MaxDuration: 100
org.apache.zookeeper.test.NettyNettySuiteTest.testRemoveAddTwo(),1321,MaxRetry: 5
org.apache.zookeeper.test.NettyNettySuiteTest.testRemoveAddTwo(),1322,MaxDuration: 100
org.apache.zookeeper.test.NettyNettySuiteTest.testRemoveAddTwo(),1323,MaxRetry: 5
org.apache.zookeeper.test.NettyNettySuiteTest.testRemoveAddTwo(),1324,MaxDuration: 100
org.apache.zookeeper.test.NettyNettySuiteTest.testRemoveAddTwo(),1325,MaxRetry: 5
org.apache.zookeeper.test.NettyNettySuiteTest.testRemoveAddTwo(),1326,MaxDuration: 100
org.apache.zookeeper.test.NettyNettySuiteTest.testRemoveAddTwo(),1327,MaxDuration: 10000
org.apache.zookeeper.test.NettyNettySuiteTest.testRemoveAddTwo(),1328,MaxDuration: 10000
org.apache.zookeeper.test.NettyNettySuiteTest.testRemoveAddTwo(),1329,MaxDuration: 10000
org.apache.zookeeper.test.NettyNettySuiteTest.testRemoveAddTwo(),1330,MaxDuration: 10000
org.apache.zookeeper.test.NettyNettySuiteTest.testRemoveAddTwo(),1331,MaxDuration: 10000
org.apache.zookeeper.test.NettyNettySuiteTest.testRemoveAddTwo(),1332,MaxDuration: 10000
org.apache.zookeeper.test.NettyNettySuiteTest.testRemoveAddTwo(),1333,MaxDuration: 10000
org.apache.zookeeper.test.NettyNettySuiteTest.testRemoveAddTwo(),1334,MaxDuration: 10000
org.apache.zookeeper.test.NettyNettySuiteTest.testRemoveAddTwo(),1335,MaxDuration: 10000
org.apache.zookeeper.test.NettyNettySuiteTest.testRemoveAddTwo(),1336,MaxDuration: 10000
org.apache.zookeeper.test.NettyNettySuiteTest.testRemoveAddTwo(),1398,MaxRetry: 5
org.apache.zookeeper.test.NettyNettySuiteTest.testRemoveAddTwo(),1399,MaxRetry: 5
org.apache.zookeeper.test.NettyNettySuiteTest.testRemoveAddTwo(),1400,MaxDuration: 100
org.apache.zookeeper.test.NettyNettySuiteTest.testRemoveAddTwo(),1401,MaxDuration: 100
org.apache.zookeeper.test.NettyNettySuiteTest.testRemoveAddTwo(),1402,[not called the constraint]
org.apache.zookeeper.test.NettyNettySuiteTest.testRemoveAddTwo(),1403,[not called the constraint]
org.apache.zookeeper.test.NettyNettySuiteTest.testRemoveAddTwo(),1404,[not called the constraint]
org.apache.zookeeper.test.NettyNettySuiteTest.testRemoveAddTwo(),1405,[not called the constraint]
org.apache.zookeeper.test.NettyNettySuiteTest.testRemoveAddTwo(),1406,[not called the constraint]
org.apache.zookeeper.test.NettyNettySuiteTest.testRemoveAddTwo(),1407,[not called the constraint]
org.apache.zookeeper.test.NettyNettySuiteTest.testRemoveAddTwo(),1415,[not called the constraint]
org.apache.zookeeper.test.NettyNettySuiteTest.testRemoveAddTwo(),1416,[not called the constraint]
org.apache.zookeeper.test.NettyNettySuiteTest.testRemoveAddTwo(),1429,[not called the constraint]
org.apache.zookeeper.test.NettyNettySuiteTest.testRemoveAddTwo(),1430,[not called the constraint]
org.apache.zookeeper.test.NettyNettySuiteTest.testRemoveAddTwo(),1431,MaxRetry: 5
org.apache.zookeeper.test.NettyNettySuiteTest.testRemoveAddTwo(),1432,MaxDuration: 100
org.apache.zookeeper.test.NettyNettySuiteTest.testRemoveAddTwo(),1433,[not called the constraint]
org.apache.zookeeper.test.NettyNettySuiteTest.testRemoveAddTwo(),1434,[not called the constraint]
org.apache.zookeeper.test.NettyNettySuiteTest.testRemoveAddTwo(),1435,[not called the constraint]
org.apache.zookeeper.test.NettyNettySuiteTest.testRemoveAddTwo(),1436,[not called the constraint]
org.apache.zookeeper.test.NettyNettySuiteTest.testRemoveAddTwo(),1437,[not called the constraint]
org.apache.zookeeper.test.NettyNettySuiteTest.testRemoveAddTwo(),1438,[not called the constraint]
org.apache.zookeeper.test.NettyNettySuiteTest.testRemoveAddTwo(),1439,[not called the constraint]
org.apache.zookeeper.test.NettyNettySuiteTest.testRemoveAddTwo(),1440,[not called the constraint]
org.apache.zookeeper.test.NettyNettySuiteTest.testRemoveAddTwo(),1453,[not called the constraint]
org.apache.zookeeper.test.NettyNettySuiteTest.testRemoveAddTwo(),1454,[not called the constraint]
org.apache.zookeeper.test.NettyNettySuiteTest.testRemoveAddTwo(),1455,MaxRetry: 5
org.apache.zookeeper.test.NettyNettySuiteTest.testRemoveAddTwo(),1456,MaxDuration: 100
org.apache.zookeeper.test.NettyNettySuiteTest.testPortChangeToBlockedPortFollower(),1483,[not called the constraint]
org.apache.zookeeper.test.NettyNettySuiteTest.testPortChangeToBlockedPortFollower(),1484,[not called the constraint]
org.apache.zookeeper.test.NettyNettySuiteTest.testPortChangeToBlockedPortFollower(),1485,[not called the constraint]
org.apache.zookeeper.test.NettyNettySuiteTest.testPortChangeToBlockedPortFollower(),1486,[not called the constraint]
org.apache.zookeeper.test.NettyNettySuiteTest.testPortChangeToBlockedPortFollower(),1487,[not called the constraint]
org.apache.zookeeper.test.NettyNettySuiteTest.testPortChangeToBlockedPortFollower(),1488,[not called the constraint]
org.apache.zookeeper.test.NettyNettySuiteTest.testPortChangeToBlockedPortFollower(),1489,MaxRetry: 5
org.apache.zookeeper.test.NettyNettySuiteTest.testPortChangeToBlockedPortFollower(),1490,MaxDuration: 100
org.apache.zookeeper.test.NettyNettySuiteTest.testPortChangeToBlockedPortFollower(),1491,MaxRetry: 5
org.apache.zookeeper.test.NettyNettySuiteTest.testPortChangeToBlockedPortFollower(),1492,MaxDuration: 100
org.apache.zookeeper.test.NettyNettySuiteTest.testPortChangeToBlockedPortFollower(),1493,MaxDuration: 10000
org.apache.zookeeper.test.NettyNettySuiteTest.testPortChangeToBlockedPortFollower(),1494,MaxDuration: 10000
org.apache.zookeeper.test.NettyNettySuiteTest.testPortChangeToBlockedPortFollower(),1495,MaxDuration: 10000
org.apache.zookeeper.test.NettyNettySuiteTest.testPortChangeToBlockedPortFollower(),1496,MaxDuration: 10000
org.apache.zookeeper.test.NettyNettySuiteTest.testPortChangeToBlockedPortFollower(),1497,MaxDuration: 10000
org.apache.zookeeper.test.NettyNettySuiteTest.testPortChangeToBlockedPortFollower(),1498,MaxDuration: 10000
org.apache.zookeeper.test.NettyNettySuiteTest.testPortChangeToBlockedPortFollower(),1499,[not called the constraint]
org.apache.zookeeper.test.NettyNettySuiteTest.testPortChangeToBlockedPortFollower(),1500,[not called the constraint]
org.apache.zookeeper.test.NettyNettySuiteTest.testPortChangeToBlockedPortFollower(),1501,[not called the constraint]
org.apache.zookeeper.test.NettyNettySuiteTest.testPortChangeToBlockedPortFollower(),1515,[not called the constraint]
org.apache.zookeeper.test.NettyNettySuiteTest.testPortChangeToBlockedPortFollower(),1516,[not called the constraint]
org.apache.zookeeper.test.NettyNettySuiteTest.testPortChangeToBlockedPortFollower(),1517,[not called the constraint]
org.apache.zookeeper.test.NettyNettySuiteTest.testPortChangeToBlockedPortFollower(),1518,MaxDuration: 10000
org.apache.zookeeper.test.NettyNettySuiteTest.testPortChangeToBlockedPortFollower(),1519,MaxDuration: 10000
org.apache.zookeeper.test.NettyNettySuiteTest.testPortChangeToBlockedPortFollower(),1520,[not called the constraint]
org.apache.zookeeper.test.NettyNettySuiteTest.testPortChangeToBlockedPortFollower(),1521,[not called the constraint]
org.apache.zookeeper.test.NettyNettySuiteTest.testPortChangeToBlockedPortFollower(),1522,[not called the constraint]
org.apache.zookeeper.test.NettyNettySuiteTest.testPortChangeToBlockedPortFollower(),1523,[not called the constraint]
org.apache.zookeeper.test.NettyNettySuiteTest.testPortChangeToBlockedPortFollower(),1524,[not called the constraint]
org.apache.zookeeper.test.NettyNettySuiteTest.testPortChangeToBlockedPortFollower(),1525,[not called the constraint]
org.apache.zookeeper.test.NettyNettySuiteTest.testPortChangeToBlockedPortFollower(),1526,MaxDuration: 10000
org.apache.zookeeper.test.NettyNettySuiteTest.testJMXBeanAfterRemoveAddOne(),1545,[not called the constraint]
org.apache.zookeeper.test.NettyNettySuiteTest.testJMXBeanAfterRemoveAddOne(),1546,[not called the constraint]
org.apache.zookeeper.test.NettyNettySuiteTest.testJMXBeanAfterRemoveAddOne(),1547,[not called the constraint]
org.apache.zookeeper.test.NettyNettySuiteTest.testJMXBeanAfterRemoveAddOne(),1548,[not called the constraint]
org.apache.zookeeper.test.NettyNettySuiteTest.testJMXBeanAfterRemoveAddOne(),1549,[not called the constraint]
org.apache.zookeeper.test.NettyNettySuiteTest.testJMXBeanAfterRemoveAddOne(),1550,[not called the constraint]
org.apache.zookeeper.test.NettyNettySuiteTest.testJMXBeanAfterRemoveAddOne(),1551,MaxRetry: 5
org.apache.zookeeper.test.NettyNettySuiteTest.testJMXBeanAfterRemoveAddOne(),1552,MaxRetry: 5
org.apache.zookeeper.test.NettyNettySuiteTest.testJMXBeanAfterRemoveAddOne(),1553,MaxDuration: 100
org.apache.zookeeper.test.NettyNettySuiteTest.testJMXBeanAfterRemoveAddOne(),1554,MaxDuration: 100
org.apache.zookeeper.test.NettyNettySuiteTest.testJMXBeanAfterRemoveAddOne(),1555,MaxDuration: 10000
org.apache.zookeeper.test.NettyNettySuiteTest.testJMXBeanAfterRemoveAddOne(),1556,MaxDuration: 10000
org.apache.zookeeper.test.NettyNettySuiteTest.testJMXBeanAfterRemoveAddOne(),1557,MaxDuration: 10000
org.apache.zookeeper.test.NettyNettySuiteTest.testJMXBeanAfterRemoveAddOne(),1558,MaxDuration: 10000
org.apache.zookeeper.test.NettyNettySuiteTest.testJMXBeanAfterRemoveAddOne(),1559,MaxDuration: 10000
org.apache.zookeeper.test.NettyNettySuiteTest.testJMXBeanAfterRemoveAddOne(),1560,MaxDuration: 10000
org.apache.zookeeper.test.NettyNettySuiteTest.testJMXBeanAfterRemoveAddOne(),1561,[not called the constraint]
org.apache.zookeeper.test.NettyNettySuiteTest.testJMXBeanAfterRemoveAddOne(),1562,[not called the constraint]
org.apache.zookeeper.test.NettyNettySuiteTest.testJMXBeanAfterRemoveAddOne(),1563,[not called the constraint]
org.apache.zookeeper.test.NettyNettySuiteTest.testJMXBeanAfterRemoveAddOne(),1564,[not called the constraint]
org.apache.zookeeper.test.NettyNettySuiteTest.testJMXBeanAfterRemoveAddOne(),1565,[not called the constraint]
org.apache.zookeeper.test.NettyNettySuiteTest.testJMXBeanAfterRemoveAddOne(),1566,[not called the constraint]
org.apache.zookeeper.test.NettyNettySuiteTest.testJMXBeanAfterRemoveAddOne(),1567,[not called the constraint]
org.apache.zookeeper.test.NettyNettySuiteTest.testJMXBeanAfterRemoveAddOne(),1568,[not called the constraint]
org.apache.zookeeper.test.NettyNettySuiteTest.testJMXBeanAfterRemoveAddOne(),1569,[not called the constraint]
org.apache.zookeeper.test.NettyNettySuiteTest.testJMXBeanAfterRemoveAddOne(),1570,[not called the constraint]
org.apache.zookeeper.test.NettyNettySuiteTest.testJMXBeanAfterRemoveAddOne(),1571,[not called the constraint]
org.apache.zookeeper.test.NettyNettySuiteTest.testJMXBeanAfterRemoveAddOne(),1572,[not called the constraint]
org.apache.zookeeper.test.NettyNettySuiteTest.testRoleChange(),1591,[not called the constraint]
org.apache.zookeeper.test.NettyNettySuiteTest.testRoleChange(),1592,[not called the constraint]
org.apache.zookeeper.test.NettyNettySuiteTest.testRoleChange(),1593,[not called the constraint]
org.apache.zookeeper.test.NettyNettySuiteTest.testRoleChange(),1594,[not called the constraint]
org.apache.zookeeper.test.NettyNettySuiteTest.testRoleChange(),1595,[not called the constraint]
org.apache.zookeeper.test.NettyNettySuiteTest.testRoleChange(),1596,[not called the constraint]
org.apache.zookeeper.test.NettyNettySuiteTest.testRoleChange(),1597,MaxRetry: 5
org.apache.zookeeper.test.NettyNettySuiteTest.testRoleChange(),1598,MaxDuration: 100
org.apache.zookeeper.test.NettyNettySuiteTest.testRoleChange(),1599,MaxRetry: 5
org.apache.zookeeper.test.NettyNettySuiteTest.testRoleChange(),1600,MaxDuration: 100
org.apache.zookeeper.test.NettyNettySuiteTest.testRoleChange(),1601,MaxDuration: 10000
org.apache.zookeeper.test.NettyNettySuiteTest.testRoleChange(),1602,MaxDuration: 10000
org.apache.zookeeper.test.NettyNettySuiteTest.testRoleChange(),1603,MaxDuration: 10000
org.apache.zookeeper.test.NettyNettySuiteTest.testRoleChange(),1604,MaxDuration: 10000
org.apache.zookeeper.test.NettyNettySuiteTest.testRoleChange(),1605,MaxDuration: 10000
org.apache.zookeeper.test.NettyNettySuiteTest.testRoleChange(),1606,MaxDuration: 10000
org.apache.zookeeper.test.NettyNettySuiteTest.testRoleChange(),1607,[not called the constraint]
org.apache.zookeeper.test.NettyNettySuiteTest.testRoleChange(),1608,[not called the constraint]
org.apache.zookeeper.test.NettyNettySuiteTest.testRoleChange(),1616,[not called the constraint]
org.apache.zookeeper.test.NettyNettySuiteTest.testRoleChange(),1617,[not called the constraint]
org.apache.zookeeper.test.NettyNettySuiteTest.testRoleChange(),1618,[not called the constraint]
org.apache.zookeeper.test.NettyNettySuiteTest.testRoleChange(),1619,[not called the constraint]
org.apache.zookeeper.test.NettyNettySuiteTest.testRoleChange(),1620,MaxRetry: 5
org.apache.zookeeper.test.NettyNettySuiteTest.testRoleChange(),1621,MaxDuration: 100
org.apache.zookeeper.test.NettyNettySuiteTest.testRoleChange(),1622,[not called the constraint]
org.apache.zookeeper.test.NettyNettySuiteTest.testRoleChange(),1623,[not called the constraint]
org.apache.zookeeper.test.NettyNettySuiteTest.testRoleChange(),1624,[not called the constraint]
org.apache.zookeeper.test.NettyNettySuiteTest.testRoleChange(),1625,[not called the constraint]
org.apache.zookeeper.test.NettyNettySuiteTest.testRoleChange(),1633,[not called the constraint]
org.apache.zookeeper.test.NettyNettySuiteTest.testRoleChange(),1634,[not called the constraint]
org.apache.zookeeper.test.NettyNettySuiteTest.testRoleChange(),1635,MaxRetry: 5
org.apache.zookeeper.test.NettyNettySuiteTest.testRoleChange(),1636,MaxDuration: 100
org.apache.zookeeper.test.NettyNettySuiteTest.testRoleChange(),1637,[not called the constraint]
org.apache.zookeeper.test.NettyNettySuiteTest.testRoleChange(),1638,[not called the constraint]
org.apache.zookeeper.test.NettyNettySuiteTest.testRoleChange(),1646,[not called the constraint]
org.apache.zookeeper.test.NettyNettySuiteTest.testRoleChange(),1647,[not called the constraint]
org.apache.zookeeper.test.NettyNettySuiteTest.testRoleChange(),1655,[not called the constraint]
org.apache.zookeeper.test.NettyNettySuiteTest.testRoleChange(),1656,[not called the constraint]
org.apache.zookeeper.test.NettyNettySuiteTest.testRoleChange(),1657,MaxRetry: 5
org.apache.zookeeper.test.NettyNettySuiteTest.testRoleChange(),1658,MaxDuration: 100
org.apache.zookeeper.test.NettyNettySuiteTest.testRoleChange(),1659,MaxRetry: 5
org.apache.zookeeper.test.NettyNettySuiteTest.testRoleChange(),1660,MaxDuration: 100
org.apache.zookeeper.test.NettyNettySuiteTest.testRoleChange(),1661,[not called the constraint]
org.apache.zookeeper.test.NettyNettySuiteTest.testRoleChange(),1662,[not called the constraint]
org.apache.zookeeper.test.NettyNettySuiteTest.testRoleChange(),1663,[not called the constraint]
org.apache.zookeeper.test.NettyNettySuiteTest.testRoleChange(),1664,[not called the constraint]
org.apache.zookeeper.test.NettyNettySuiteTest.testRoleChange(),1665,[not called the constraint]
org.apache.zookeeper.test.NettyNettySuiteTest.testRoleChange(),1673,[not called the constraint]
org.apache.zookeeper.test.NettyNettySuiteTest.testRoleChange(),1674,MaxRetry: 5
org.apache.zookeeper.test.NettyNettySuiteTest.testRoleChange(),1675,MaxDuration: 100
org.apache.zookeeper.test.NettyNettySuiteTest.testBulkReconfig(),1708,[not called the constraint]
org.apache.zookeeper.test.NettyNettySuiteTest.testBulkReconfig(),1709,[not called the constraint]
org.apache.zookeeper.test.NettyNettySuiteTest.testBulkReconfig(),1710,[not called the constraint]
org.apache.zookeeper.test.NettyNettySuiteTest.testBulkReconfig(),1711,[not called the constraint]
org.apache.zookeeper.test.NettyNettySuiteTest.testBulkReconfig(),1712,[not called the constraint]
org.apache.zookeeper.test.NettyNettySuiteTest.testBulkReconfig(),1713,[not called the constraint]
org.apache.zookeeper.test.NettyNettySuiteTest.testBulkReconfig(),1714,[not called the constraint]
org.apache.zookeeper.test.NettyNettySuiteTest.testBulkReconfig(),1715,[not called the constraint]
org.apache.zookeeper.test.NettyNettySuiteTest.testBulkReconfig(),1716,[not called the constraint]
org.apache.zookeeper.test.NettyNettySuiteTest.testBulkReconfig(),1717,[not called the constraint]
org.apache.zookeeper.test.NettyNettySuiteTest.testBulkReconfig(),1718,[not called the constraint]
org.apache.zookeeper.test.NettyNettySuiteTest.testBulkReconfig(),1719,[not called the constraint]
org.apache.zookeeper.test.NettyNettySuiteTest.testBulkReconfig(),1720,[not called the constraint]
org.apache.zookeeper.test.NettyNettySuiteTest.testBulkReconfig(),1721,[not called the constraint]
org.apache.zookeeper.test.NettyNettySuiteTest.testBulkReconfig(),1722,MaxRetry: 5
org.apache.zookeeper.test.NettyNettySuiteTest.testBulkReconfig(),1723,MaxDuration: 100
org.apache.zookeeper.test.NettyNettySuiteTest.testBulkReconfig(),1724,MaxRetry: 5
org.apache.zookeeper.test.NettyNettySuiteTest.testBulkReconfig(),1725,MaxDuration: 100
org.apache.zookeeper.test.NettyNettySuiteTest.testBulkReconfig(),1726,MaxRetry: 5
org.apache.zookeeper.test.NettyNettySuiteTest.testBulkReconfig(),1727,MaxDuration: 100
org.apache.zookeeper.test.NettyNettySuiteTest.testBulkReconfig(),1728,MaxRetry: 5
org.apache.zookeeper.test.NettyNettySuiteTest.testBulkReconfig(),1729,MaxDuration: 100
org.apache.zookeeper.test.NettyNettySuiteTest.testBulkReconfig(),1730,MaxRetry: 5
org.apache.zookeeper.test.NettyNettySuiteTest.testBulkReconfig(),1731,MaxRetry: 5
org.apache.zookeeper.test.NettyNettySuiteTest.testBulkReconfig(),1732,MaxDuration: 100
org.apache.zookeeper.test.NettyNettySuiteTest.testBulkReconfig(),1733,MaxDuration: 100
org.apache.zookeeper.test.NettyNettySuiteTest.testBulkReconfig(),1734,MaxDuration: 10000
org.apache.zookeeper.test.NettyNettySuiteTest.testBulkReconfig(),1735,MaxDuration: 10000
org.apache.zookeeper.test.NettyNettySuiteTest.testBulkReconfig(),1736,MaxDuration: 10000
org.apache.zookeeper.test.NettyNettySuiteTest.testBulkReconfig(),1737,MaxDuration: 10000
org.apache.zookeeper.test.NettyNettySuiteTest.testBulkReconfig(),1738,MaxDuration: 10000
org.apache.zookeeper.test.NettyNettySuiteTest.testBulkReconfig(),1739,MaxDuration: 10000
org.apache.zookeeper.test.NettyNettySuiteTest.testBulkReconfig(),1740,MaxDuration: 10000
org.apache.zookeeper.test.NettyNettySuiteTest.testBulkReconfig(),1741,MaxDuration: 10000
org.apache.zookeeper.test.NettyNettySuiteTest.testBulkReconfig(),1742,MaxDuration: 10000
org.apache.zookeeper.test.NettyNettySuiteTest.testBulkReconfig(),1743,MaxDuration: 10000
org.apache.zookeeper.test.NettyNettySuiteTest.testBulkReconfig(),1744,MaxDuration: 10000
org.apache.zookeeper.test.NettyNettySuiteTest.testBulkReconfig(),1745,MaxDuration: 10000
org.apache.zookeeper.test.NettyNettySuiteTest.testBulkReconfig(),1746,MaxDuration: 10000
org.apache.zookeeper.test.NettyNettySuiteTest.testBulkReconfig(),1747,MaxDuration: 10000
org.apache.zookeeper.test.NettyNettySuiteTest.testBulkReconfig(),1838,MaxRetry: 5
org.apache.zookeeper.test.NettyNettySuiteTest.testBulkReconfig(),1839,MaxRetry: 5
org.apache.zookeeper.test.NettyNettySuiteTest.testBulkReconfig(),1840,MaxRetry: 5
org.apache.zookeeper.test.NettyNettySuiteTest.testBulkReconfig(),1841,MaxDuration: 100
org.apache.zookeeper.test.NettyNettySuiteTest.testBulkReconfig(),1842,MaxDuration: 100
org.apache.zookeeper.test.NettyNettySuiteTest.testBulkReconfig(),1843,MaxDuration: 100
org.apache.zookeeper.test.NettyNettySuiteTest.testBulkReconfig(),1844,[not called the constraint]
org.apache.zookeeper.test.NettyNettySuiteTest.testBulkReconfig(),1859,[not called the constraint]
org.apache.zookeeper.test.NettyNettySuiteTest.testBulkReconfig(),1860,[not called the constraint]
org.apache.zookeeper.test.NettyNettySuiteTest.testBulkReconfig(),1861,[not called the constraint]
org.apache.zookeeper.test.NettyNettySuiteTest.testBulkReconfig(),1862,[not called the constraint]
org.apache.zookeeper.test.NettyNettySuiteTest.testBulkReconfig(),1870,[not called the constraint]
org.apache.zookeeper.test.NettyNettySuiteTest.testBulkReconfig(),1871,MaxRetry: 5
org.apache.zookeeper.test.NettyNettySuiteTest.testBulkReconfig(),1872,MaxDuration: 100
org.apache.zookeeper.test.NettyNettySuiteTest.testBulkReconfig(),1873,MaxRetry: 5
org.apache.zookeeper.test.NettyNettySuiteTest.testBulkReconfig(),1874,MaxDuration: 100
org.apache.zookeeper.test.NettyNettySuiteTest.testBulkReconfig(),1875,[not called the constraint]
org.apache.zookeeper.test.NettyNettySuiteTest.testBulkReconfig(),1876,[not called the constraint]
org.apache.zookeeper.test.NettyNettySuiteTest.testBulkReconfig(),1877,MaxRetry: 5
org.apache.zookeeper.test.NettyNettySuiteTest.testBulkReconfig(),1878,MaxDuration: 100
org.apache.zookeeper.test.NettyNettySuiteTest.testJMXBeanAfterRoleChange(),1911,[not called the constraint]
org.apache.zookeeper.test.NettyNettySuiteTest.testJMXBeanAfterRoleChange(),1912,[not called the constraint]
org.apache.zookeeper.test.NettyNettySuiteTest.testJMXBeanAfterRoleChange(),1913,[not called the constraint]
org.apache.zookeeper.test.NettyNettySuiteTest.testJMXBeanAfterRoleChange(),1914,[not called the constraint]
org.apache.zookeeper.test.NettyNettySuiteTest.testJMXBeanAfterRoleChange(),1915,[not called the constraint]
org.apache.zookeeper.test.NettyNettySuiteTest.testJMXBeanAfterRoleChange(),1916,[not called the constraint]
org.apache.zookeeper.test.NettyNettySuiteTest.testJMXBeanAfterRoleChange(),1917,MaxRetry: 5
org.apache.zookeeper.test.NettyNettySuiteTest.testJMXBeanAfterRoleChange(),1918,MaxDuration: 100
org.apache.zookeeper.test.NettyNettySuiteTest.testJMXBeanAfterRoleChange(),1919,MaxRetry: 5
org.apache.zookeeper.test.NettyNettySuiteTest.testJMXBeanAfterRoleChange(),1920,MaxDuration: 100
org.apache.zookeeper.test.NettyNettySuiteTest.testJMXBeanAfterRoleChange(),1921,MaxDuration: 10000
org.apache.zookeeper.test.NettyNettySuiteTest.testJMXBeanAfterRoleChange(),1922,MaxDuration: 10000
org.apache.zookeeper.test.NettyNettySuiteTest.testJMXBeanAfterRoleChange(),1923,MaxDuration: 10000
org.apache.zookeeper.test.NettyNettySuiteTest.testJMXBeanAfterRoleChange(),1924,MaxDuration: 10000
org.apache.zookeeper.test.NettyNettySuiteTest.testJMXBeanAfterRoleChange(),1925,MaxDuration: 10000
org.apache.zookeeper.test.NettyNettySuiteTest.testJMXBeanAfterRoleChange(),1926,MaxDuration: 10000
org.apache.zookeeper.test.NettyNettySuiteTest.testJMXBeanAfterRoleChange(),1927,[not called the constraint]
org.apache.zookeeper.test.NettyNettySuiteTest.testJMXBeanAfterRoleChange(),1935,[not called the constraint]
org.apache.zookeeper.test.NettyNettySuiteTest.testJMXBeanAfterRoleChange(),1936,[not called the constraint]
org.apache.zookeeper.test.NettyNettySuiteTest.testJMXBeanAfterRoleChange(),1937,[not called the constraint]
org.apache.zookeeper.test.NettyNettySuiteTest.testJMXBeanAfterRoleChange(),1938,[not called the constraint]
org.apache.zookeeper.test.NettyNettySuiteTest.testJMXBeanAfterRoleChange(),1939,[not called the constraint]
org.apache.zookeeper.test.NettyNettySuiteTest.testJMXBeanAfterRoleChange(),1940,MaxRetry: 5
org.apache.zookeeper.test.NettyNettySuiteTest.testJMXBeanAfterRoleChange(),1941,MaxDuration: 100
org.apache.zookeeper.test.NettyNettySuiteTest.testRemoveOneAsynchronous(),1960,[not called the constraint]
org.apache.zookeeper.test.NettyNettySuiteTest.testRemoveOneAsynchronous(),1961,[not called the constraint]
org.apache.zookeeper.test.NettyNettySuiteTest.testRemoveOneAsynchronous(),1962,[not called the constraint]
org.apache.zookeeper.test.NettyNettySuiteTest.testRemoveOneAsynchronous(),1963,[not called the constraint]
org.apache.zookeeper.test.NettyNettySuiteTest.testRemoveOneAsynchronous(),1964,[not called the constraint]
org.apache.zookeeper.test.NettyNettySuiteTest.testRemoveOneAsynchronous(),1965,[not called the constraint]
org.apache.zookeeper.test.NettyNettySuiteTest.testRemoveOneAsynchronous(),1966,[not called the constraint]
org.apache.zookeeper.test.NettyNettySuiteTest.testRemoveOneAsynchronous(),1967,[not called the constraint]
org.apache.zookeeper.test.NettyNettySuiteTest.testRemoveOneAsynchronous(),1968,[not called the constraint]
org.apache.zookeeper.test.NettyNettySuiteTest.testRemoveOneAsynchronous(),1969,[not called the constraint]
org.apache.zookeeper.test.NettyNettySuiteTest.testRemoveOneAsynchronous(),1970,MaxRetry: 5
org.apache.zookeeper.test.NettyNettySuiteTest.testRemoveOneAsynchronous(),1971,MaxRetry: 5
org.apache.zookeeper.test.NettyNettySuiteTest.testRemoveOneAsynchronous(),1972,MaxDuration: 100
org.apache.zookeeper.test.NettyNettySuiteTest.testRemoveOneAsynchronous(),1973,MaxDuration: 100
org.apache.zookeeper.test.NettyNettySuiteTest.testRemoveOneAsynchronous(),1974,MaxRetry: 5
org.apache.zookeeper.test.NettyNettySuiteTest.testRemoveOneAsynchronous(),1975,MaxDuration: 100
org.apache.zookeeper.test.NettyNettySuiteTest.testRemoveOneAsynchronous(),1976,MaxRetry: 5
org.apache.zookeeper.test.NettyNettySuiteTest.testRemoveOneAsynchronous(),1977,MaxDuration: 100
org.apache.zookeeper.test.NettyNettySuiteTest.testRemoveOneAsynchronous(),1978,MaxDuration: 10000
org.apache.zookeeper.test.NettyNettySuiteTest.testRemoveOneAsynchronous(),1979,MaxDuration: 10000
org.apache.zookeeper.test.NettyNettySuiteTest.testRemoveOneAsynchronous(),1980,MaxDuration: 10000
org.apache.zookeeper.test.NettyNettySuiteTest.testRemoveOneAsynchronous(),1981,MaxDuration: 10000
org.apache.zookeeper.test.NettyNettySuiteTest.testRemoveOneAsynchronous(),1982,MaxDuration: 10000
org.apache.zookeeper.test.NettyNettySuiteTest.testRemoveOneAsynchronous(),1983,MaxDuration: 10000
org.apache.zookeeper.test.NettyNettySuiteTest.testRemoveOneAsynchronous(),1984,MaxDuration: 10000
org.apache.zookeeper.test.NettyNettySuiteTest.testRemoveOneAsynchronous(),1985,MaxDuration: 10000
org.apache.zookeeper.test.NettyNettySuiteTest.testRemoveOneAsynchronous(),1986,MaxDuration: 10000
org.apache.zookeeper.test.NettyNettySuiteTest.testRemoveOneAsynchronous(),1987,MaxDuration: 10000
org.apache.zookeeper.test.NettyNettySuiteTest.testRemoveOneAsynchronous(),1988,[not called the constraint]
org.apache.zookeeper.test.NettyNettySuiteTest.testRemoveOneAsynchronous(),1989,[not called the constraint]
org.apache.zookeeper.test.NettyNettySuiteTest.testRemoveOneAsynchronous(),1990,[not called the constraint]
org.apache.zookeeper.test.NettyNettySuiteTest.testRemoveOneAsynchronous(),1991,[not called the constraint]
org.apache.zookeeper.test.NettyNettySuiteTest.testRemoveOneAsynchronous(),1992,[not called the constraint]
org.apache.zookeeper.test.NettyNettySuiteTest.testRemoveOneAsynchronous(),1993,[not called the constraint]
org.apache.zookeeper.test.NettyNettySuiteTest.testRemoveOneAsynchronous(),1994,[not called the constraint]
org.apache.zookeeper.test.NettyNettySuiteTest.testRemoveOneAsynchronous(),1995,[not called the constraint]
org.apache.zookeeper.test.NettyNettySuiteTest.testRemoveOneAsynchronous(),1996,[not called the constraint]
org.apache.zookeeper.test.NettyNettySuiteTest.testRemoveOneAsynchronous(),1997,[not called the constraint]
org.apache.zookeeper.recipes.lock.WriteLockTest.testRun(),3,MaxDuration: 10000
org.apache.zookeeper.recipes.lock.WriteLockTest.testRun(),4,MaxRetry: 10
org.apache.zookeeper.recipes.lock.WriteLockTest.testRun(),5,MaxRetry: 10
org.apache.zookeeper.recipes.lock.WriteLockTest.testRun(),6,MaxDuration: 10000
org.apache.zookeeper.recipes.lock.WriteLockTest.testRun(),7,MaxRetry: 10
org.apache.zookeeper.recipes.lock.WriteLockTest.testRun(),8,MaxRetry: 10
org.apache.zookeeper.recipes.lock.WriteLockTest.testRun(),9,MaxDuration: 10000
org.apache.zookeeper.recipes.lock.WriteLockTest.testRun(),10,MaxRetry: 10
org.apache.zookeeper.recipes.lock.WriteLockTest.testRun(),11,MaxRetry: 10
org.apache.zookeeper.recipes.lock.WriteLockTest.testRun(),16,MaxRetry: 10
org.apache.zookeeper.recipes.lock.WriteLockTest.testRun(),17,MaxRetry: 10
org.apache.zookeeper.recipes.lock.WriteLockTest.testRun(),22,MaxRetry: 10
org.apache.zookeeper.recipes.lock.WriteLockTest.testRun(),27,MaxRetry: 10
org.apache.zookeeper.recipes.lock.WriteLockTest.testRun(),28,MaxRetry: 10
org.apache.zookeeper.recipes.lock.WriteLockTest.testRun(),29,MaxRetry: 10
org.apache.zookeeper.recipes.lock.WriteLockTest.testRun(),31,MaxRetry: 10
org.apache.zookeeper.recipes.lock.WriteLockTest.testRun(),32,MaxRetry: 10
org.apache.zookeeper.recipes.lock.WriteLockTest.testRun(),34,MaxRetry: 10
org.apache.zookeeper.recipes.lock.WriteLockTest.testRun(),35,MaxRetry: 10
org.apache.zookeeper.recipes.lock.WriteLockTest.testRun(),45,MaxRetry: 10
org.apache.zookeeper.recipes.lock.WriteLockTest.testRun(),46,MaxRetry: 10
org.apache.zookeeper.recipes.lock.WriteLockTest.testRun(),47,MaxRetry: 10
org.apache.zookeeper.recipes.lock.WriteLockTest.testRun(),48,MaxRetry: 10
org.apache.zookeeper.recipes.lock.WriteLockTest.testRun(),49,MaxRetry: 10
org.apache.zookeeper.recipes.lock.WriteLockTest.testRun(),50,MaxRetry: 10
org.apache.zookeeper.compatibility.TestApacheCuratorCompatibility.testBasicUsageOfApisAndRecipes(),99,MaxDuration: 10000
org.apache.zookeeper.compatibility.TestApacheCuratorCompatibility.testBasicUsageOfApisAndRecipesInCluster(),643,[not called the constraint]
org.apache.zookeeper.compatibility.TestApacheCuratorCompatibility.testBasicUsageOfApisAndRecipesInCluster(),645,[not called the constraint]
org.apache.zookeeper.compatibility.TestApacheCuratorCompatibility.testBasicUsageOfApisAndRecipesInCluster(),646,[not called the constraint]
org.apache.zookeeper.compatibility.TestApacheCuratorCompatibility.testBasicUsageOfApisAndRecipesInCluster(),648,[not called the constraint]
org.apache.zookeeper.compatibility.TestApacheCuratorCompatibility.testBasicUsageOfApisAndRecipesInCluster(),686,[not called the constraint]
org.apache.zookeeper.compatibility.TestApacheCuratorCompatibility.testBasicUsageOfApisAndRecipesInCluster(),688,[not called the constraint]
org.apache.zookeeper.compatibility.TestApacheCuratorCompatibility.testBasicUsageOfApisAndRecipesInCluster(),696,MaxDuration: 10000
org.apache.zookeeper.compatibility.TestApacheCuratorCompatibility.testBasicUsageOfApisAndRecipesInCluster(),954,MaxRetry: 5
org.apache.zookeeper.compatibility.TestApacheCuratorCompatibility.testBasicUsageOfApisAndRecipesInCluster(),955,MaxRetry: 5
org.apache.zookeeper.compatibility.TestApacheCuratorCompatibility.testBasicUsageOfApisAndRecipesInCluster(),956,MaxDuration: 100
org.apache.zookeeper.compatibility.TestApacheCuratorCompatibility.testBasicUsageOfApisAndRecipesInCluster(),958,MaxDuration: 100
org.apache.zookeeper.recipes.leader.LeaderElectionSupportTest.testNode(),3,MaxDuration: 10000
org.apache.zookeeper.recipes.leader.LeaderElectionSupportTest.testOfferShuffle(),8,MaxDuration: 10000
org.apache.zookeeper.recipes.leader.LeaderElectionSupportTest.testReadyOffer(),13,MaxDuration: 10000
org.apache.zookeeper.recipes.leader.LeaderElectionSupportTest.testGetLeaderHostName(),18,MaxDuration: 10000
org.apache.zookeeper.recipes.leader.LeaderElectionSupportTest.testNodes3(),23,MaxDuration: 10000
org.apache.zookeeper.recipes.leader.LeaderElectionSupportTest.testNodes9(),28,MaxDuration: 10000
org.apache.zookeeper.recipes.leader.LeaderElectionSupportTest.testNodes20(),33,MaxDuration: 10000
org.apache.zookeeper.recipes.leader.LeaderElectionSupportTest.testNodes100(),38,MaxDuration: 10000
org.apache.zookeeper.recipes.queue.DistributedQueueTest.testTakeWait1(),3,MaxDuration: 10000
org.apache.zookeeper.recipes.queue.DistributedQueueTest.testTakeWait2(),8,MaxDuration: 10000
org.apache.zookeeper.recipes.queue.DistributedQueueTest.testTake1(),13,MaxDuration: 10000
org.apache.zookeeper.recipes.queue.DistributedQueueTest.testRemove1(),18,MaxDuration: 10000
org.apache.zookeeper.recipes.queue.DistributedQueueTest.testRemove2(),23,MaxDuration: 10000
org.apache.zookeeper.recipes.queue.DistributedQueueTest.testRemove2(),24,MaxDuration: 10000
org.apache.zookeeper.recipes.queue.DistributedQueueTest.testRemove3(),29,MaxDuration: 10000
org.apache.zookeeper.recipes.queue.DistributedQueueTest.testRemove3(),30,MaxDuration: 10000
org.apache.zookeeper.recipes.queue.DistributedQueueTest.testElement1(),35,MaxDuration: 10000
org.apache.zookeeper.recipes.queue.DistributedQueueTest.testElement1(),36,MaxDuration: 10000
org.apache.zookeeper.recipes.queue.DistributedQueueTest.testElement2(),41,MaxDuration: 10000
org.apache.zookeeper.recipes.queue.DistributedQueueTest.testElement2(),42,MaxDuration: 10000
org.apache.zookeeper.recipes.queue.DistributedQueueTest.testElement3(),47,MaxDuration: 10000
org.apache.zookeeper.recipes.queue.DistributedQueueTest.testElement3(),48,MaxDuration: 10000
org.apache.zookeeper.recipes.queue.DistributedQueueTest.testElement4(),53,MaxDuration: 10000
org.apache.zookeeper.recipes.queue.DistributedQueueTest.testElement4(),54,MaxDuration: 10000
org.apache.zookeeper.recipes.queue.DistributedQueueTest.testOffer1(),59,MaxDuration: 10000
org.apache.zookeeper.recipes.queue.DistributedQueueTest.testOffer2(),64,MaxDuration: 10000
org.apache.zookeeper.recipes.queue.DistributedQueueTest.testOffer2(),65,MaxDuration: 10000
